trade_date,主板等权
0,
1,-0.004492206
2,0.024827233
3,0.019320536
4,-0.00044227875
5,0.004113829
6,-0.0018797405
7,0.008902866
8,-0.0047532297
9,0.01089635
10,-0.0015983054
11,-0.0082224235
12,0.006652998
13,0.005500188
14,-0.009272658
15,0.0024979592
16,0.003753639
17,-0.0069397567
18,-0.0071651354
19,-0.018088866
20,-0.014046056
21,-0.017902937
22,0.026460497
23,0.026477478
24,0.01402194
25,0.016944123
26,0.0050238227
27,-0.0013497297
28,0.032714166
29,0.004312773
30,0.00280397
31,-0.0028487768
32,0.021018637
33,0.049938265
34,-0.00043850334
35,0.00012434441
36,0.0033843715
37,0.0068315105
38,0.017251452
39,0.024361612
40,0.022304906
41,0.017869815
42,-0.047732726
43,0.03992114
44,0.018671265
45,-0.01639202
46,-0.026978115
47,0.017346265
48,0.024704974
49,0.004445627
50,0.00239941
51,0.011186918
52,0.006156883
53,-0.009468095
54,-0.02559812
55,0.0072890846
56,-0.013544765
57,0.026459454
58,0.035433847
59,0.006154553
60,0.012274545
61,0.0051662913
62,-0.0010313571
63,0.0033698676
64,-0.00014869204
65,-0.016824218
66,-0.00027241296
67,-0.0077708676
68,0.019267324
69,0.008445665
70,-0.006394567
71,0.0072673378
72,-0.011930785
73,-0.017426318
74,0.008553815
75,-0.0398951
76,-0.014103356
77,-0.03676006
78,0.010592567
79,-0.07346634
80,0.0071918876
81,-0.0026191303
82,-0.010114553
83,0.03336157
84,-0.005229846
85,-0.008225661
86,0.022125073
87,0.008219787
88,-0.03636087
89,-0.0072088186
90,0.017717097
91,-0.008595244
92,-0.022435656
93,-0.00657289
94,0.025295977
95,0.0013589511
96,0.0027799925
97,-0.0065897116
98,-0.0014617566
99,-0.01514456
100,-0.016720004
101,0.00022944297
102,-0.024909204
103,0.0098072775
104,0.03471514
105,-0.0053276685
106,0.005336649
107,-0.021869527
108,0.00032930262
109,-0.0018068594
110,0.012046929
111,0.015075227
112,0.013903137
113,0.00015655259
114,-0.00853364
115,-0.0012580673
116,0.0056653456
117,-0.012185474
118,0.026672106
119,0.00064892083
120,-0.009080988
121,-0.0031307505
122,0.0027711503
123,-0.034040347
124,0.0028350332
125,-0.0070686326
126,-0.00012930672
127,0.0025126447
128,0.008453239
129,0.0028332183
130,-0.00021817037
131,-0.017171692
132,0.004549654
133,-0.028213019
134,0.011382488
135,0.011571593
136,0.0031383266
137,0.0014715517
138,-0.00081030914
139,0.004762206
140,-0.006575609
141,-0.004403828
142,-0.015973251
143,-0.010965823
144,-0.028280813
145,-0.001890405
146,0.00516788
147,-0.011728719
148,0.015943676
149,-0.005124934
150,0.0058187763
151,0.0025911978
152,0.004414744
153,0.02888988
154,0.002443723
155,0.0006666117
156,0.0039534294
157,-0.0018102255
158,-0.0068658427
159,0.018255504
160,0.00048073995
161,-0.0012083726
162,-0.01394328
163,0.021821667
164,0.0057309777
165,0.008714012
166,0.008863531
167,0.0037967132
168,0.0188661
169,0.0028632968
170,-0.005464902
171,0.0061342064
172,0.0032712899
173,-0.021736592
174,0.0019262317
175,0.009891103
176,0.001119353
177,-0.009363519
178,0.001680781
179,-0.017629685
180,-0.024731519
181,0.007903539
182,-0.010138474
183,0.0019880051
184,0.009011589
185,0.011285909
186,0.0029548823
187,0.014965726
188,-0.009636856
189,-0.00657327
190,-0.002336187
191,-0.012863002
192,-0.0055220923
193,0.010513314
194,-0.005640378
195,-9.406297e-05
196,0.0058228993
197,0.015951848
198,-0.013449916
199,-0.012645401
200,-0.011113126
201,0.009610301
202,0.0026243348
203,0.0016168477
204,-0.008666433
205,0.005734802
206,-0.0021773542
207,-0.024728108
208,0.0034616245
209,-0.0041866647
210,0.0051496346
211,-0.012729482
212,0.006961344
213,0.016248792
214,-0.005910067
215,-8.653932e-05
216,-0.00729222
217,0.00034914378
218,-0.002112372
219,-0.0015421748
220,-0.0031725084
221,0.00074740907
222,0.0013416742
223,0.005714866
224,0.0009929994
225,0.009394431
226,0.005430762
227,0.0028825002
228,0.0034799865
229,-0.0015640357
230,-0.0027872242
231,0.011302952
232,0.0151367495
233,0.013097804
234,0.0014308929
235,0.0064978544
236,-0.007995253
237,-0.020372
238,0.014187142
239,0.0024965818
240,0.009021961
241,-0.0044800276
242,0.006661084
243,0.0060073063
244,0.017839758
245,0.0051367893
246,0.007537044
247,0.012624244
248,-0.013957563
249,0.0138781555
250,-0.0022964277
251,0.010641902
252,0.00051409734
253,-0.0046227355
254,-0.004543146
255,-0.0034724313
256,0.008888954
257,-0.011759785
258,-0.0008768636
259,-0.034085378
260,-0.08705282
261,-0.014353159
262,0.025924383
263,0.025192725
264,0.009368425
265,0.017153792
266,-0.004005435
267,0.014370585
268,-0.009563352
269,0.00226738
270,0.03177902
271,0.0148209445
272,-0.0037758
273,0.01871404
274,0.009692
275,0.010499423
276,-0.0027964
277,-0.010331129
278,0.0026731375
279,-0.05116282
280,0.041233074
281,0.01178761
282,0.011287362
283,0.020332476
284,-0.0017372513
285,-0.031038359
286,0.019345466
287,-0.007870943
288,-0.019747278
289,-0.012249534
290,-0.03609112
291,-0.0035645464
292,-0.016066436
293,0.005781153
294,0.014689901
295,-0.03700837
296,0.019073656
297,0.023769965
298,-0.009694989
299,-0.0023349011
300,-0.019005751
301,0.0020779567
302,-0.006231338
303,0.018330975
304,-0.0045914217
305,0.03034577
306,0.0039558453
307,0.008060811
308,-0.021226635
309,-0.006457285
310,0.01687178
311,-0.0066493964
312,0.0028864148
313,-0.00018991121
314,0.010405925
315,-0.004607178
316,0.009586497
317,-0.0026294321
318,-0.017045854
319,-0.006314857
320,-0.019000279
321,-0.0011240883
322,0.019040465
323,0.014309399
324,-0.0015115215
325,0.009874946
326,0.00023753996
327,-0.0011575191
328,0.0055170637
329,-0.008470444
330,0.0021190103
331,-0.0017307289
332,0.009061987
333,-0.0073874868
334,-0.008365767
335,-0.015774235
336,-0.0009821008
337,0.018035423
338,-0.0014014211
339,-0.0026473056
340,0.0061739488
341,0.02468574
342,0.0044081486
343,-0.00024924774
344,0.00277281
345,-0.002577772
346,-0.0016126499
347,0.0037520106
348,-0.0034839578
349,-0.0049866224
350,-0.0005921171
351,-0.0030061915
352,0.015197058
353,0.004033695
354,-0.0006468205
355,0.004093324
356,-0.0003490271
357,-0.0016806878
358,-0.0042671133
359,-0.006514739
360,0.013801486
361,0.006978915
362,0.01425756
363,0.012746376
364,0.039598744
365,0.0068602473
366,0.020829152
367,0.024268188
368,-0.008262429
369,0.031343333
370,-0.0046369866
371,-0.023393504
372,-0.043477435
373,0.0007479399
374,0.036455978
375,0.003581106
376,0.003969919
377,-0.0031095583
378,-0.039479338
379,0.0008267487
380,0.011022954
381,0.022173207
382,0.0004965882
383,0.010751214
384,0.028461723
385,-0.003729435
386,0.009847304
387,-0.00012876112
388,-0.010361628
389,0.009250177
390,-0.017756071
391,-0.006040217
392,0.0070826234
393,0.0069530704
394,0.019837843
395,0.008773004
396,-0.011501425
397,-0.011545816
398,0.0058914907
399,0.002965144
400,-0.0069127595
401,-0.020146972
402,0.007371208
403,0.010777371
404,0.0020716218
405,0.0035612339
406,-0.00018476273
407,-0.008671432
408,-0.0026339607
409,-0.015642308
410,0.006457953
411,-0.020569766
412,-0.025020998
413,0.011156898
414,0.006508512
415,0.0029904346
416,-0.0050573754
417,0.0009987054
418,0.015950564
419,-0.0011380917
420,-0.014959868
421,0.0038769378
422,-0.023016488
423,-0.0041730786
424,-0.012229898
425,0.0054749143
426,-0.0034905274
427,0.027415624
428,0.026313132
429,0.0013373524
430,-0.0063446835
431,-0.0058132173
432,-0.00066658674
433,-0.0057284026
434,0.0076460005
435,-0.010116633
436,-0.004713077
437,-0.012224681
438,-0.0018284669
439,1.3471606e-05
440,0.0016439799
441,-0.001887541
442,-0.023844069
443,-0.0011431816
444,0.019370537
445,-0.0010789905
446,0.017489422
447,-0.00451504
448,0.01930784
449,-0.0068825423
450,-0.00644296
451,0.0023263146
452,-0.0010787002
453,0.015241764
454,-0.0044487524
455,0.0039244588
456,0.0017837965
457,0.007338442
458,0.0067536794
459,-0.00024930818
460,-0.013116374
461,-0.0031556832
462,0.0016307852
463,-0.0028012015
464,0.012456201
465,0.0030327933
466,-0.0014700021
467,0.0030061246
468,-0.00482901
469,-0.002343106
470,-0.017087566
471,-0.00050012866
472,-0.01545735
473,0.005737823
474,-0.00019419492
475,-0.005548905
476,0.0089842
477,-0.0019495044
478,0.009475284
479,-0.020056063
480,0.004915124
481,-0.015869815
482,0.01027144
483,-0.007687746
484,-0.004118683
485,0.005880221
486,0.0126661435
487,0.013708126
488,0.00066350657
489,-0.009530451
490,-0.019473096
491,-0.002296986
492,-0.021839695
493,0.0096727265
494,-0.011896083
495,-0.0003350788
496,0.009649139
497,0.013855601
498,0.0020612783
499,0.002687947
500,0.007757654
501,-0.009776033
502,-0.011795545
503,-0.008699431
504,0.0018020971
505,-0.01313592
506,-0.014277395
507,0.00542506
508,0.0038693503
509,-0.012781528
510,-0.017021624
511,-0.010655477
512,0.0038142123
513,0.017745212
514,0.006174769
515,0.025201714
516,0.025527336
517,0.008795659
518,-0.005065096
519,-0.0039124754
520,-0.004083484
521,-0.0068872944
522,0.020910243
523,-0.0058553703
524,0.014839752
525,-0.008771023
526,0.0044778343
527,-0.011644541
528,-0.022485523
529,-0.009645331
530,0.020711055
531,0.0038345223
532,-0.0005342764
533,0.01101282
534,0.004407081
535,0.0024857798
536,-0.0035340537
537,0.016883573
538,-0.011911991
539,-0.008345821
540,-0.0032820145
541,0.014101187
542,0.0037451035
543,-0.004521266
544,0.0026703065
545,0.0036561033
546,0.0019636133
547,0.008959632
548,0.008183281
549,-0.0059676785
550,0.0006868156
551,-0.01018674
552,-0.008939869
553,0.01107275
554,-0.0014690699
555,0.015132283
556,0.011169496
557,-0.0027109212
558,-0.0029685618
559,0.0024415727
560,-0.008953183
561,-0.005049421
562,-0.0061792135
563,0.0030847192
564,-0.0010839344
565,-0.00784582
566,0.0055816555
567,-0.0021246003
568,0.005747169
569,0.0030927744
570,0.009494804
571,-0.006352706
572,0.010610045
573,-0.0069783577
574,0.004809894
575,-0.0016439847
576,-0.004765003
577,0.0020506163
578,0.004588829
579,0.008059569
580,0.0062038884
581,0.0059797596
582,-0.0033320335
583,0.008161963
584,0.0065533607
585,-0.006701286
586,-2.4980423e-05
587,-0.0019637342
588,0.005620018
589,-0.0013554981
590,0.0014057729
591,0.0011660618
592,-0.0069148834
593,-0.012327127
594,-0.012200707
595,0.004288874
596,0.0064848433
597,0.008748036
598,0.006768162
599,0.0025747614
600,-0.004690556
601,0.004107762
602,0.002729916
603,-0.008601317
604,0.0037163584
605,-0.01153314
606,-0.0063433633
607,0.010162809
608,0.0014582563
609,0.0061300145
610,-0.006850682
611,0.0073770867
612,0.010436715
613,0.0066574384
614,-0.0063162614
615,-0.003987019
616,0.00011502636
617,-0.002683629
618,0.0015958004
619,0.008898685
620,0.0041638874
621,-0.008773086
622,-0.015599866
623,-0.020607252
624,-0.022195622
625,0.019694174
626,0.005926084
627,0.018334944
628,-0.0027331766
629,0.008973919
630,-0.005878475
631,0.0024171406
632,0.012645035
633,0.011219612
634,0.006315121
635,0.0030212523
636,0.0018249182
637,0.0017635683
638,-0.021471957
639,0.009405728
640,-0.0030238093
641,-0.004412888
642,0.020095022
643,0.0070121484
644,0.009479754
645,-0.0024345198
646,0.00089232577
647,0.0017309751
648,0.0032698521
649,-0.0021977844
650,0.012856137
651,0.0014071177
652,0.009772829
653,0.014208613
654,0.010439199
655,0.005064461
656,-0.005792371
657,0.008238646
658,-0.013811266
659,0.007923866
660,-0.013446249
661,-0.0031880187
662,0.007321773
663,0.0072683897
664,-0.017594142
665,-0.027821971
666,0.0046689142
667,-0.028027467
668,0.019053508
669,0.014494555
670,-0.0017279311
671,-0.015933271
672,0.00023024475
673,0.0059624617
674,-0.0071257325
675,0.008927493
676,0.005717569
677,-0.0019220308
678,-0.0035007172
679,-0.010350102
680,0.006126626
681,-0.003931619
682,-0.014868652
683,-0.01715048
684,0.013654155
685,0.01076644
686,-0.01389067
687,0.0059925886
688,0.012893325
689,-0.008268754
690,0.005332448
691,0.008959747
692,0.0038254845
693,0.008956182
694,0.007614329
695,0.0067963917
696,-0.0066721407
697,0.0130242575
698,-0.004406252
699,0.011164283
700,0.0075269
701,0.003294891
702,0.0025515095
703,0.00026083752
704,-0.0022087588
705,-0.0017038272
706,0.007916979
707,0.010618266
708,-0.006947172
709,0.0060807713
710,-0.010068815
711,-0.005257027
712,0.012372743
713,0.0059824456
714,0.003125118
715,0.004776151
716,0.002706955
717,0.0029441817
718,0.009525725
719,-0.00454714
720,-0.007297365
721,0.016862288
722,0.0033148564
723,-0.0025230248
724,-0.014203677
725,0.005148115
726,0.0042166486
727,-0.0008755938
728,0.008260186
729,0.0066230074
730,0.011945441
731,-0.013315221
732,0.009336612
733,-0.013284526
734,0.0072255987
735,-0.0033421784
736,0.013096673
737,-0.007746468
738,-0.007836689
739,0.011978704
740,-0.009060674
741,0.0003194516
742,-0.020013347
743,-0.0092892265
744,-0.0027326893
745,-0.038760256
746,0.007450372
747,-0.028934713
748,0.009479082
749,0.01763624
750,0.01636928
751,0.013792333
752,0.0007297053
753,-0.016787367
754,-0.0002903281
755,0.0030080401
756,0.011572761
757,-0.0034159329
758,0.008095481
759,0.012512596
760,-0.009834661
761,0.012578427
762,-0.022352241
763,0.009231685
764,0.00061533955
765,0.008235356
766,0.005237068
767,0.0015363997
768,-0.012315197
769,-0.014328626
770,-0.032192625
771,-0.013603639
772,0.016999746
773,0.0066828136
774,-0.026066901
775,-0.053377446
776,0.029802192
777,0.017907917
778,0.015821664
779,0.012704227
780,0.0012119424
781,0.0031100865
782,-0.010006412
783,-0.0023427526
784,-0.0007216581
785,-0.0073900963
786,0.015736965
787,-0.0020033014
788,0.000521751
789,0.011575908
790,-0.02239496
791,-0.0030818465
792,-0.026276847
793,0.018004905
794,-0.017039828
795,0.009828786
796,-0.015523689
797,0.00382323
798,0.006376585
799,-0.01113552
800,-0.038507335
801,-0.00688763
802,-0.07313607
803,-0.040615555
804,0.028325392
805,-0.012650414
806,0.040936656
807,0.017804433
808,-0.01405399
809,0.016402328
810,0.014757174
811,0.0031862129
812,0.006926928
813,0.007875033
814,0.0038324294
815,-0.0021644374
816,0.0063440436
817,0.0063126776
818,0.012460498
819,0.0116521325
820,-0.03904789
821,0.021037832
822,0.00477065
823,0.0005510521
824,0.010138067
825,0.008789657
826,0.0034264873
827,0.0034789545
828,0.01201332
829,-0.003511882
830,-0.00027134494
831,-0.01757231
832,0.016067728
833,0.0010768346
834,0.0038973712
835,-0.00097387243
836,0.0040407944
837,0.0028524306
838,0.0100575425
839,-0.0053177304
840,-0.011349148
841,0.017939383
842,0.008840586
843,0.008509157
844,0.014205193
845,-0.020450842
846,0.007825477
847,-0.0011100554
848,0.0064012273
849,-0.0045733904
850,-0.012251054
851,0.007809535
852,8.908509e-05
853,-0.0073744003
854,-0.01188638
855,0.012310362
856,0.0013611498
857,-0.020236405
858,0.025511665
859,0.010144888
860,0.00933726
861,-0.0049797497
862,-0.001503401
863,-0.008264209
864,0.011655174
865,0.0068163676
866,0.006465407
867,-0.0049122
868,0.0040542055
869,-0.037795912
870,-0.0072323247
871,0.012293119
872,0.009910352
873,0.013145857
874,0.0030481243
875,0.002224024
876,0.01329113
877,-0.00040668104
878,0.0045648483
879,0.008880901
880,0.0037046405
881,-0.0012234997
882,-0.009360057
883,0.0094369715
884,0.004825945
885,-0.02731466
886,0.00025310295
887,-0.003284235
888,0.007605397
889,-0.003874281
890,-0.024959275
891,-0.003008577
892,0.011692462
893,0.005335662
894,0.01564458
895,0.0023193827
896,-0.00660917
897,0.00082654087
898,0.0022836332
899,-0.008726834
900,-0.020821847
901,-0.026679726
902,-0.009988205
903,0.014847151
904,0.004863102
905,-0.004536461
906,-0.018145414
907,-0.01954463
908,0.022749545
909,-0.025318248
910,-0.006435163
911,-0.010355157
912,-0.014413524
913,0.007264343
914,0.02509685
915,0.0074420213
916,0.0199069
917,0.012419322
918,0.0034535353
919,-0.008126031
920,-0.004865368
921,0.0003901878
922,-0.014521479
923,-0.0019600508
924,0.016198475
925,-0.001060252
926,-0.035963185
927,0.005899438
928,0.026077949
929,0.013123864
930,0.004035015
931,0.019230386
932,0.008365461
933,-0.00034912396
934,0.0012360401
935,-0.0027603796
936,0.007708528
937,-0.0019668713
938,0.017748231
939,-0.0023084215
940,0.00363792
941,-0.007008162
942,0.0024981548
943,-0.009070044
944,-0.002684784
945,0.0036327704
946,-0.004311941
947,-0.0028591857
948,0.020355422
949,0.0012124581
950,0.0072080744
951,0.0037792267
952,0.01185733
953,-0.0040049874
954,0.0005706502
955,-0.0024096696
956,-0.0011770132
957,-0.005640414
958,0.00038003456
959,-0.0019271859
960,0.0011401828
961,-0.0074928273
962,-0.021428129
963,-0.00502111
964,-0.005140384
965,-0.0130411405
966,-0.0039186794
967,0.014839154
968,0.006632073
969,-0.009275338
970,-0.005320223
971,0.008074037
972,0.018997082
973,0.0045336713
974,0.0058334623
975,-0.0021484846
976,0.006374526
977,-0.001990827
978,-0.006797619
979,-0.0007589539
980,0.005695231
981,0.009062843
982,-0.001506944
983,0.0035375333
984,0.0039076107
985,0.009404762
986,0.013046441
987,0.0047809114
988,0.014819601
989,0.0027461883
990,-0.0027209867
991,-0.0027595754
992,0.0064218338
993,-0.004956065
994,0.010862156
995,-0.0006723078
996,0.01034185
997,0.0019223712
998,8.617905e-06
999,-0.019787125
1000,-0.0031822904
1001,0.015091024
1002,0.005670376
1003,0.00085813104
1004,-0.0015659257
1005,-0.0017768798
1006,-0.00662549
1007,0.009293244
1008,0.007391497
1009,-0.0024546715
1010,0.0010826892
1011,8.723146e-05
1012,-0.018589452
1013,0.005447576
1014,-0.0022852824
1015,-0.016197642
1016,0.0041962313
1017,-0.012435558
1018,0.011009791
1019,-0.01500122
1020,0.006292715
1021,-0.0034770356
1022,0.014127377
1023,0.004733581
1024,0.0002178902
1025,-0.00055071816
1026,-0.0024261808
1027,-0.0054466804
1028,-0.0055539156
1029,-0.0020526957
1030,0.009420639
1031,0.00836442
1032,-0.0073474566
1033,-0.0033494139
1034,0.0076170824
1035,-0.010496301
1036,0.0023461787
1037,0.0053437683
1038,-0.0033099537
1039,0.001931522
1040,0.004175808
1041,-0.0036991313
1042,-0.0052423864
1043,-0.0051873326
1044,-0.023410415
1045,-0.0041891625
1046,-0.018160686
1047,0.008164833
1048,0.0019938028
1049,0.017445382
1050,0.0086910995
1051,-0.0066216444
1052,0.0064322245
1053,-0.011937281
1054,0.0021147064
1055,0.0041724225
1056,-0.009673015
1057,0.0070114466
1058,-0.009609048
1059,0.006118386
1060,0.0021698365
1061,-0.0016978899
1062,0.00325885
1063,-0.009583283
1064,-0.004343038
1065,-0.0017461226
1066,0.003943483
1067,-0.004941409
1068,0.0036752755
1069,-0.004502184
1070,0.0012962074
1071,0.009079315
1072,0.0035434002
1073,-0.017952492
1074,0.0028848774
1075,-0.0029604228
1076,0.0029046177
1077,0.0073536327
1078,0.0017624522
1079,0.00040809263
1080,0.0041252375
1081,0.0047633145
1082,-0.0040112627
1083,-0.00665095
1084,-0.013088894
1085,-0.015826853
1086,0.019583121
1087,-0.00028666717
1088,0.005803661
1089,0.010845233
1090,0.006193989
1091,0.0036126408
1092,-0.005724256
1093,-0.0013466991
1094,-0.0028000309
1095,0.0018008461
1096,0.006623663
1097,-0.009780217
1098,0.008050674
1099,-0.0019135373
1100,-0.0023084949
1101,0.0013135906
1102,0.00016992747
1103,-0.009103061
1104,-0.0006790899
1105,-0.0001400428
1106,0.017065093
1107,-0.002833253
1108,-0.005209958
1109,0.009363061
1110,0.010733739
1111,-0.0017155044
1112,-0.0015345226
1113,-0.00041888125
1114,-0.00027832476
1115,-0.006058619
1116,-0.002375597
1117,-0.008892468
1118,0.0033331353
1119,-0.016814489
1120,0.003618912
1121,-0.0045285737
1122,-0.0076594874
1123,0.011418477
1124,-0.014968019
1125,-0.0070864605
1126,0.001969007
1127,-0.015583423
1128,-0.00094845047
1129,-0.015631339
1130,0.011883747
1131,0.025945945
1132,0.0017695655
1133,-0.006813976
1134,0.0039561973
1135,0.016467841
1136,-0.005840735
1137,0.0022083672
1138,-0.015298561
1139,3.4158747e-05
1140,0.009986171
1141,0.0001955802
1142,-0.009125342
1143,-0.0053248405
1144,0.0024372123
1145,0.0075885323
1146,-0.007468637
1147,-0.006647357
1148,-0.007569489
1149,0.014794873
1150,-0.004810974
1151,-0.005002332
1152,0.0031208382
1153,0.008656331
1154,-0.0061824727
1155,-0.0039920555
1156,-0.0009666316
1157,0.0075967177
1158,-0.007839869
1159,-0.0030725233
1160,-0.0017108441
1161,-0.015813638
1162,-0.010703414
1163,-0.006201009
1164,-0.021729345
1165,0.022049913
1166,0.014285657
1167,0.0027817742
1168,0.014774177
1169,0.007976264
1170,-0.003204754
1171,0.0026130837
1172,-0.008173522
1173,0.008972066
1174,0.016090121
1175,0.0038179187
1176,0.0008854278
1177,-0.0050405134
1178,-0.0011781501
1179,0.008810677
1180,0.003529905
1181,0.006385229
1182,-0.0057148864
1183,0.006945819
1184,0.009127273
1185,-0.0019274974
1186,-0.007395475
1187,0.009221121
1188,-0.008733412
1189,-0.0021767977
1190,0.006621263
1191,-0.005524316
1192,-0.003320638
1193,0.0050618835
1194,0.0017011499
1195,-0.015247205
1196,0.0049918396
1197,-0.0034973542
1198,-0.011459091
1199,0.010526826
1200,0.0063893786
1201,-0.005419461
1202,-0.0007575983
1203,-0.0030045044
1204,-0.012121297
1205,-0.0017668619
1206,-0.011130987
1207,0.007364879
1208,-0.011053941
1209,-0.0035905512
1210,-0.010021657
1211,0.0066655157
1212,0.016414111
1213,0.012374127
1214,0.004815503
1215,-0.0008187184
1216,-0.0021834448
1217,-0.014777057
1218,-0.01736198
1219,0.006019598
1220,-0.006958426
1221,0.013503811
1222,-0.0050789043
1223,0.00024872593
1224,-0.0035629785
1225,-0.022586979
1226,-0.0075257365
1227,-0.010161355
1228,-0.055037983
1229,0.000578883
1230,0.018966418
1231,0.034979325
1232,0.0013330828
1233,-0.026581425
1234,-0.03024113
1235,-0.042576775
1236,-0.01713765
1237,-0.03687017
1238,-0.06989027
1239,0.0035356535
1240,-0.0075101634
1241,0.053471036
1242,0.02903153
1243,0.011088514
1244,0.0154888
1245,0.01954643
1246,0.021980602
1247,0.011116833
1248,0.024748094
1249,-0.050721288
1250,0.032882407
1251,0.008373557
1252,0.0013244645
1253,-0.012467301
1254,0.008684786
1255,-0.0047774343
1256,0.008465527
1257,0.017630856
1258,0.010562647
1259,0.00082965463
1260,-0.0039756275
1261,0.013345295
1262,0.017213969
1263,-0.0030165815
1264,0.01022415
1265,0.0030666324
1266,-0.013620575
1267,-0.020234287
1268,0.0019304511
1269,-0.027790995
1270,0.018547086
1271,0.012190579
1272,0.021573087
1273,0.000780683
1274,-0.004088614
1275,-0.017865892
1276,0.011776804
1277,-0.018010514
1278,0.0035886283
1279,-0.0065201423
1280,-0.026655816
1281,-0.056760743
1282,0.050529294
1283,0.0003307861
1284,-0.0046002427
1285,-0.0086747315
1286,0.0011189011
1287,0.015174274
1288,0.004209685
1289,0.013385814
1290,0.025482798
1291,-0.0054864273
1292,0.021369332
1293,0.0044592903
1294,-0.012677524
1295,0.013055649
1296,-0.005476585
1297,-0.012036098
1298,0.007445322
1299,-0.0070188367
1300,0.0030706364
1301,0.011419273
1302,0.0037366857
1303,-0.009806056
1304,0.0008435573
1305,-0.022631297
1306,-0.0080995085
1307,0.0057995752
1308,-0.011661538
1309,0.0018463398
1310,-0.009459231
1311,0.0028420528
1312,-0.019163447
1313,-0.0028729062
1314,-0.019559965
1315,-0.032843884
1316,0.016127901
1317,-0.0010687971
1318,0.011255407
1319,-0.0096654855
1320,0.0019521102
1321,-0.008086503
1322,0.01028205
1323,-0.008003935
1324,-0.02281851
1325,-0.00070374936
1326,-0.033355348
1327,0.0026888468
1328,0.023631696
1329,-0.018578295
1330,0.0036539666
1331,0.012001372
1332,0.00018805973
1333,-0.0067893555
1334,-0.024449814
1335,0.008614678
1336,-0.025978075
1337,0.014119288
1338,-0.009280341
1339,0.02899785
1340,-0.0018744883
1341,-0.013090155
1342,-0.0007696711
1343,-0.008717195
1344,0.0001705746
1345,0.0019609558
1346,0.0012637188
1347,-0.018424034
1348,-0.014532064
1349,0.0045027244
1350,0.016387219
1351,0.0012231646
1352,0.005654426
1353,0.032806415
1354,0.00033158998
1355,-0.009609673
1356,-0.020035526
1357,0.015936367
1358,-0.00035565483
1359,-1.755795e-05
1360,-0.0071669407
1361,-0.007462489
1362,0.0052757594
1363,-0.006255648
1364,0.007295517
1365,-0.008211065
1366,-0.0013118946
1367,-0.016653765
1368,-0.003297442
1369,-0.013692353
1370,-0.0041086134
1371,0.010624616
1372,-0.012698326
1373,0.0037235983
1374,0.012043624
1375,0.017426938
1376,-0.013535641
1377,0.0088080065
1378,-0.0061307806
1379,0.008811566
1380,-0.014121725
1381,-0.0027750086
1382,0.0025920225
1383,-0.006220118
1384,-0.001600236
1385,-0.010052786
1386,-0.0039635883
1387,0.023920117
1388,-0.0017378493
1389,0.0030773429
1390,0.03401154
1391,0.012042192
1392,0.035303324
1393,0.042618483
1394,0.09257608
1395,0.04762858
1396,-0.075177304
1397,0.0033283564
1398,-0.031267013
1399,0.025455933
1400,-0.016775308
1401,0.0062575107
1402,-0.009062245
1403,0.024285236
1404,0.010248105
1405,0.015488508
1406,0.005707464
1407,-0.0009548344
1408,0.020621084
1409,0.02687535
1410,-0.01662781
1411,0.00457122
1412,0.014529845
1413,-0.021465013
1414,0.017229415
1415,0.024400676
1416,0.0069113355
1417,0.024770597
1418,-0.0019262742
1419,0.013336226
1420,-0.0072286497
1421,2.0798972e-05
1422,-0.025846278
1423,-0.017293073
1424,-0.013178446
1425,0.01989801
1426,0.019059205
1427,0.0045076245
1428,-0.03132192
1429,0.012363604
1430,-0.0058112964
1431,0.012865245
1432,0.0030014082
1433,0.013188558
1434,0.021103745
1435,0.0027428046
1436,-0.012846523
1437,0.010540196
1438,0.011939782
1439,-0.0005562829
1440,0.005364937
1441,0.016117707
1442,0.012957453
1443,-0.016862353
1444,-0.003665868
1445,-0.03158835
1446,0.0039863363
1447,-0.0023501844
1448,0.005513131
1449,-0.0352236
1450,0.010559166
1451,-0.016410591
1452,0.010017613
1453,0.010419174
1454,-0.008432142
1455,-0.021485632
1456,-0.016284255
1457,-0.03297321
1458,-0.0027147636
1459,0.016687704
1460,-0.0010416347
1461,0.0014800765
1462,-0.024925642
1463,0.00016298603
1464,0.04074829
1465,-0.002341348
1466,0.007351232
1467,0.0013703435
1468,0.009145357
1469,-0.002646625
1470,-0.010047926
1471,-0.0013279775
1472,0.008603103
1473,-0.005571001
1474,0.0039704307
1475,0.017746888
1476,0.013191392
1477,0.013517523
1478,-0.0016679491
1479,0.008749127
1480,-0.0068163252
1481,-0.000587797
1482,0.00977034
1483,-0.020144304
1484,0.016123675
1485,0.0070718
1486,0.003993688
1487,0.004327989
1488,-0.006046509
1489,0.014193281
1490,-3.191532e-05
1491,-0.02431725
1492,0.003247307
1493,0.009661882
1494,0.0016537486
1495,0.013790549
1496,-0.0028035888
1497,0.005092412
1498,0.0059293215
1499,0.0051558325
1500,-0.00790142
1501,0.015357857
1502,0.005255229
1503,0.004515389
1504,-0.0030507399
1505,0.00038084426
1506,-0.013009474
1507,-0.0115232505
1508,-0.0016402587
1509,0.008476573
1510,-0.005067146
1511,-0.012113198
1512,-0.01229661
1513,0.01064561
1514,0.0016503491
1515,-0.0031386006
1516,-0.090137266
1517,-0.013513794
1518,0.019318793
1519,0.02482791
1520,0.004975673
1521,0.018717444
1522,-0.00023557445
1523,-0.011721149
1524,0.006659328
1525,-0.0008981068
1526,0.01579073
1527,0.0038505534
1528,0.003611763
1529,-0.004797632
1530,0.003868615
1531,-0.013439367
1532,0.0065414323
1533,0.0044211512
1534,0.024704449
1535,0.0075423936
1536,0.008102696
1537,-0.0079023
1538,0.0103351185
1539,-2.4321436e-05
1540,0.002985183
1541,-0.0076553784
1542,0.0044971374
1543,0.009257786
1544,0.007810751
1545,-0.002452244
1546,-0.010909394
1547,-0.0105089005
1548,0.0074168066
1549,0.00323615
1550,-0.0019081103
1551,0.012268177
1552,-0.012061514
1553,0.0065645697
1554,0.011104991
1555,0.0006366211
1556,0.0011024532
1557,0.009320349
1558,-0.006796805
1559,0.0047147055
1560,4.4300537e-05
1561,-0.016262392
1562,0.0050663664
1563,-0.0009422594
1564,-0.0045836614
1565,-0.017011793
1566,-0.005623636
1567,0.012863708
1568,0.017291704
1569,0.008501563
1570,-0.0020722393
1571,0.0039060018
1572,0.010880361
1573,0.004212988
1574,-0.0011048836
1575,0.0049147573
1576,-0.006672077
1577,0.0070268647
1578,0.009504486
1579,-0.00057737256
1580,0.004598205
1581,0.0028033224
1582,0.0045783557
1583,-0.009909865
1584,0.0047936146
1585,0.0067663603
1586,0.00238048
1587,0.014526286
1588,0.0052453824
1589,-0.0067080446
1590,0.011759312
1591,-0.00036773566
1592,0.0018313682
1593,6.6201064e-05
1594,-0.0037699933
1595,-0.0134419575
1596,0.0036545794
1597,0.00845706
1598,0.009054708
1599,0.005533272
1600,0.00046663947
1601,0.002937833
1602,0.011064119
1603,0.00065160054
1604,0.005814944
1605,-0.014438748
1606,0.0142196985
1607,0.010491158
1608,0.0060699782
1609,0.009553428
1610,-0.00074310997
1611,0.0039845807
1612,0.009948941
1613,0.004660846
1614,-0.023014816
1615,0.004398518
1616,-0.0011349493
1617,0.008375753
1618,-0.011953514
1619,-0.018512158
1620,-0.0039577032
1621,0.018913312
1622,0.012724901
1623,-0.0055819363
1624,0.0015499828
1625,0.012223186
1626,0.00021579106
1627,-0.00036028985
1628,0.008730905
1629,0.0023366166
1630,-0.013495172
1631,-0.0029193892
1632,-0.002012196
1633,-0.010963792
1634,0.012750365
1635,-0.0055961614
1636,-0.004404863
1637,0.0084835235
1638,0.0027626469
1639,0.009313381
1640,0.003322886
1641,-0.0043538166
1642,-0.005319032
1643,0.012861118
1644,-0.008943778
1645,-0.019440578
1646,0.010797918
1647,0.015094859
1648,-0.0011254526
1649,0.0031504545
1650,0.001225697
1651,0.006852717
1652,4.8275673e-05
1653,0.004073068
1654,-0.009755927
1655,0.0065478547
1656,0.008609571
1657,-0.004466989
1658,0.008163901
1659,0.005206421
1660,0.00058720174
1661,0.008280718
1662,0.0029476776
1663,-0.005033493
1664,0.010925728
1665,-0.0028383087
1666,0.0020580005
1667,-0.012993512
1668,-0.009673822
1669,-0.0065014856
1670,-0.036303125
1671,0.010091327
1672,0.012200976
1673,-0.0028803772
1674,0.0017876471
1675,0.0120283095
1676,0.0072299903
1677,-0.0024605533
1678,-0.0047843717
1679,-0.0076349806
1680,0.012614739
1681,0.006522336
1682,-0.00656208
1683,0.0020844366
1684,-0.016177615
1685,0.0010818549
1686,0.0009174814
1687,-0.01483308
1688,0.007011496
1689,0.0026215848
1690,0.016230969
1691,0.0058672465
1692,-0.005794778
1693,0.010693873
1694,0.009078362
1695,0.0019218714
1696,-0.00240696
1697,-0.002445275
1698,0.0006946029
