,手工70-89 H=5,手工70-89 H=10,手工∩LGB前50% H=5,手工∩LGB前50% H=10
0,1.0,1.0,1.0,1.0
1,1.0,1.0,1.0,1.0
2,1.0,1.0,1.0,1.0
3,1.0,1.0,1.0,1.0
4,1.0,1.0,1.0,1.0
5,1.0,1.0,1.0,1.0
6,1.0,1.0,1.0,1.0
7,1.0,1.0,1.0,1.0
8,1.0,1.0,1.0,1.0
9,1.0,1.0,1.0,1.0
10,1.0,1.0,1.0,1.0
11,1.0,1.0,1.0,1.0
12,1.0,1.0,1.0,1.0
13,1.0,1.0,1.0,1.0
14,1.0,1.0,1.0,1.0
15,1.0,1.0,1.0,1.0
16,1.0,1.0,1.0,1.0
17,1.0,1.0,1.0,1.0
18,1.0,1.0,1.0,1.0
19,1.0,1.0,1.0,1.0
20,1.0,1.0,1.0,1.0
21,1.0,1.0,1.0,1.0
22,1.0,1.0,1.0,1.0
23,1.0,1.0,1.0,1.0
24,1.0,1.0,1.0,1.0
25,1.0,1.0,1.0,1.0
26,1.0,1.0,1.0,1.0
27,1.0,1.0,1.0,1.0
28,1.0,1.0,1.0,1.0
29,1.0,1.0,1.0,1.0
30,1.0,1.0,1.0,1.0
31,1.0,1.0,1.0,1.0
32,1.0,1.0,1.0,1.0
33,1.0,1.0,1.0,1.0
34,1.0,1.0,1.0,1.0
35,1.0,1.0,1.0,1.0
36,1.0,1.0,1.0,1.0
37,1.0,1.0,1.0,1.0
38,1.0,1.0,1.0,1.0
39,1.0,1.0,1.0,1.0
40,1.0,1.0,1.0,1.0
41,1.0,1.0,1.0,1.0
42,1.0,1.0,1.0,1.0
43,1.0,1.0,1.0,1.0
44,1.0,1.0,1.0,1.0
45,1.0,1.0,1.0,1.0
46,1.0,1.0,1.0,1.0
47,1.0,1.0,1.0,1.0
48,1.0,1.0,1.0,1.0
49,1.0,1.0,1.0,1.0
50,1.0,1.0,1.0,1.0
51,1.0,1.0,1.0,1.0
52,1.0,1.0,1.0,1.0
53,1.0,1.0,1.0,1.0
54,1.0,1.0,1.0,1.0
55,1.0,1.0,1.0,1.0
56,1.0,1.0,1.0,1.0
57,1.0,1.0,1.0,1.0
58,1.0,1.0,1.0,1.0
59,1.0,1.0,1.0,1.0
60,1.0,1.0,1.0,1.0
61,1.0,1.0,1.0,1.0
62,1.0,1.0,1.0,1.0
63,1.0,1.0,1.0,1.0
64,1.0,1.0,1.0,1.0
65,1.0,1.0,1.0,1.0
66,1.0,1.0,1.0,1.0
67,1.0,1.0,1.0,1.0
68,1.0,1.0,1.0,1.0
69,1.0,1.0,1.0,1.0
70,1.0,1.0,1.0,1.0
71,1.0,1.0,1.0,1.0
72,1.0,1.0,1.0,1.0
73,1.0,1.0,1.0,1.0
74,1.0,1.0,1.0,1.0
75,1.0,1.0,1.0,1.0
76,1.0,1.0,1.0,1.0
77,1.0,1.0,1.0,1.0
78,1.0,1.0,1.0,1.0
79,1.0,1.0,1.0,1.0
80,1.0,1.0,1.0,1.0
81,1.0,1.0,1.0,1.0
82,1.0,1.0,1.0,1.0
83,1.0,1.0,1.0,1.0
84,1.0,1.0,1.0,1.0
85,1.0,1.0,1.0,1.0
86,1.0,1.0,1.0,1.0
87,1.0,1.0,1.0,1.0
88,1.0,1.0,1.0,1.0
89,1.0,1.0,1.0,1.0
90,1.0,1.0,1.0,1.0
91,1.0,1.0,1.0,1.0
92,1.0,1.0,1.0,1.0
93,1.0,1.0,1.0,1.0
94,1.0,1.0,1.0,1.0
95,1.0,1.0,1.0,1.0
96,1.0,1.0,1.0,1.0
97,1.0,1.0,1.0,1.0
98,1.0,1.0,1.0,1.0
99,1.0,1.0,1.0,1.0
100,1.0,1.0,1.0,1.0
101,1.0,1.0,1.0,1.0
102,1.0,1.0,1.0,1.0
103,1.0,1.0,1.0,1.0
104,1.0,1.0,1.0,1.0
105,1.0,1.0,1.0,1.0
106,1.0,1.0,1.0,1.0
107,1.0,1.0,1.0,1.0
108,1.0,1.0,1.0,1.0
109,1.0,1.0,1.0,1.0
110,1.0,1.0,1.0,1.0
111,1.0,1.0,1.0,1.0
112,1.0,1.0,1.0,1.0
113,1.0,1.0,1.0,1.0
114,1.0,1.0,1.0,1.0
115,1.0,1.0,1.0,1.0
116,1.0,1.0,1.0,1.0
117,1.0,1.0,1.0,1.0
118,1.0,1.0,1.0,1.0
119,1.0,1.0,1.0,1.0
120,1.0,1.0,1.0,1.0
121,1.0,1.0,1.0,1.0
122,1.0,1.0,1.0,1.0
123,1.0,1.0,1.0,1.0
124,1.0,1.0,1.0,1.0
125,1.0,1.0,1.0,1.0
126,1.0,1.0,1.0,1.0
127,1.0,1.0,1.0,1.0
128,1.0,1.0,1.0,1.0
129,1.0,1.0,1.0,1.0
130,1.0,1.0,1.0,1.0
131,1.0,1.0,1.0,1.0
132,1.0,1.0,1.0,1.0
133,1.0,1.0,1.0,1.0
134,1.0,1.0,1.0,1.0
135,1.0,1.0,1.0,1.0
136,1.0,1.0,1.0,1.0
137,1.0,1.0,1.0,1.0
138,1.0,1.0,1.0,1.0
139,1.0,1.0,1.0,1.0
140,1.0,1.0,1.0,1.0
141,1.0,1.0,1.0,1.0
142,1.0,1.0,1.0,1.0
143,1.0,1.0,1.0,1.0
144,1.0,1.0,1.0,1.0
145,1.0,1.0,1.0,1.0
146,1.0,1.0,1.0,1.0
147,1.0,1.0,1.0,1.0
148,1.0,1.0,1.0,1.0
149,1.0,1.0,1.0,1.0
150,1.0,1.0,1.0,1.0
151,1.0,1.0,1.0,1.0
152,1.0,1.0,1.0,1.0
153,1.0,1.0,1.0,1.0
154,1.0,1.0,1.0,1.0
155,1.0,1.0,1.0,1.0
156,1.0,1.0,1.0,1.0
157,1.0,1.0,1.0,1.0
158,1.0,1.0,1.0,1.0
159,1.0,1.0,1.0,1.0
160,1.0,1.0,1.0,1.0
161,1.0,1.0,1.0,1.0
162,1.0,1.0,1.0,1.0
163,1.0,1.0,1.0,1.0
164,1.0,1.0,1.0,1.0
165,1.0,1.0,1.0,1.0
166,1.0,1.0,1.0,1.0
167,1.0,1.0,1.0,1.0
168,1.0,1.0,1.0,1.0
169,1.0,1.0,1.0,1.0
170,1.0,1.0,1.0,1.0
171,1.0,1.0,1.0,1.0
172,1.0,1.0,1.0,1.0
173,1.0,1.0,1.0,1.0
174,1.0,1.0,1.0,1.0
175,1.0,1.0,1.0,1.0
176,1.0,1.0,1.0,1.0
177,1.0,1.0,1.0,1.0
178,1.0,1.0,1.0,1.0
179,1.0,1.0,1.0,1.0
180,1.0,1.0,1.0,1.0
181,1.0,1.0,1.0,1.0
182,1.0,1.0,1.0,1.0
183,1.0,1.0,1.0,1.0
184,1.0,1.0,1.0,1.0
185,1.0,1.0,1.0,1.0
186,1.0,1.0,1.0,1.0
187,1.0,1.0,1.0,1.0
188,1.0,1.0,1.0,1.0
189,1.0,1.0,1.0,1.0
190,1.0,1.0,1.0,1.0
191,1.0,1.0,1.0,1.0
192,1.0,1.0,1.0,1.0
193,1.0,1.0,1.0,1.0
194,1.0,1.0,1.0,1.0
195,1.0,1.0,1.0,1.0
196,1.0,1.0,1.0,1.0
197,1.0,1.0,1.0,1.0
198,1.0,1.0,1.0,1.0
199,1.0,1.0,1.0,1.0
200,1.0,1.0,1.0,1.0
201,1.0,1.0,1.0,1.0
202,1.0,1.0,1.0,1.0
203,1.0,1.0,1.0,1.0
204,1.0,1.0,1.0,1.0
205,1.0,1.0,1.0,1.0
206,1.0,1.0,1.0,1.0
207,1.0,1.0,1.0,1.0
208,1.0,1.0,1.0,1.0
209,1.0,1.0,1.0,1.0
210,1.0,1.0,1.0,1.0
211,1.0,1.0,1.0,1.0
212,1.0,1.0,1.0,1.0
213,1.0,1.0,1.0,1.0
214,1.0,1.0,1.0,1.0
215,1.0,1.0,1.0,1.0
216,1.0,1.0,1.0,1.0
217,1.0,1.0,1.0,1.0
218,1.0,1.0,1.0,1.0
219,1.0,1.0,1.0,1.0
220,1.0,1.0,1.0,1.0
221,1.0,1.0,1.0,1.0
222,1.0,1.0,1.0,1.0
223,1.0,1.0,1.0,1.0
224,1.0,1.0,1.0,1.0
225,1.0,1.0,1.0,1.0
226,1.0,1.0,1.0,1.0
227,1.0,1.0,1.0,1.0
228,1.0,1.0,1.0,1.0
229,1.0,1.0,1.0,1.0
230,1.0,1.0,1.0,1.0
231,1.0,1.0,1.0,1.0
232,1.0,1.0,1.0,1.0
233,1.0,1.0,1.0,1.0
234,1.0,1.0,1.0,1.0
235,1.0,1.0,1.0,1.0
236,1.0,1.0,1.0,1.0
237,1.0,1.0,1.0,1.0
238,1.0,1.0,1.0,1.0
239,1.0,1.0,1.0,1.0
240,1.0,1.0,1.0,1.0
241,1.0,1.0,1.0,1.0
242,1.0,1.0,1.0,1.0
243,1.0,1.0,1.0,1.0
244,1.0,1.0,1.0,1.0
245,1.0003026,1.0003026,1.0,1.0
246,1.0127972,1.0127972,1.0,1.0
247,1.026052,1.026052,1.0,1.0
248,1.0034606,1.0034606,1.0,1.0
249,1.015358,1.015985,1.0,1.0
250,1.0017602,1.0129048,1.0,1.0
251,1.0088217,1.0224628,1.0,1.0
252,1.0147285,1.0248084,1.0,1.0
253,1.0047985,1.0061595,1.0,1.0
254,1.004208,0.999803,1.0,1.0
255,0.9970847,0.9916864,1.0,1.0
256,1.0021346,0.99558747,1.0,1.0
257,0.98591584,0.98274416,1.0,1.0
258,0.97230864,0.97681725,1.0,1.0
259,0.94539917,0.95006984,1.0,1.0
260,0.86971474,0.8724982,1.0,1.0
261,0.8375667,0.85525066,1.0,1.0
262,0.855332,0.8804402,1.0,1.0
263,0.8807114,0.9029978,1.0,1.0
264,0.9025859,0.9191717,1.0,1.0
265,0.92058295,0.9409047,1.0,1.0
266,0.91992676,0.9403554,1.0,1.0
267,0.9409356,0.96379817,1.0,1.0
268,0.9246007,0.9499396,1.0,1.0
269,0.92007905,0.94871384,1.0,1.0
270,0.94446224,0.9768379,1.0,1.0
271,0.9590642,0.9965559,1.0,1.0
272,0.9503298,0.98938584,1.0,1.0
273,0.9646501,1.0060747,1.0,1.0
274,0.97656304,1.0185626,1.0,1.0
275,0.9953915,1.0386763,1.0,1.0
276,0.9981616,1.0409447,1.0,1.0
277,0.984429,1.0253478,1.0,1.0
278,0.9820515,1.0294378,1.0,1.0
279,0.93965906,0.986318,1.0,1.0
280,0.9762073,1.023458,1.0,1.0
281,0.98099303,1.0369451,1.0,1.0
282,0.9902282,1.0447196,1.0,1.0
283,1.0087782,1.0623193,1.0,1.0
284,1.0124491,1.0667998,1.0,1.0
285,0.9713078,1.0268248,1.0,1.0
286,0.9944728,1.0509088,1.0,1.0
287,0.98259944,1.0390958,1.0,1.0
288,0.97560525,1.0240947,1.0,1.0
289,0.9585657,1.0119127,1.0,1.0
290,0.9233913,0.9654685,1.0,1.0
291,0.9153914,0.955018,1.0,1.0
292,0.896187,0.935961,1.0,1.0
293,0.8992711,0.9403913,1.0,1.0
294,0.9068261,0.9507183,1.0,1.0
295,0.88540286,0.92229193,1.0,1.0
296,0.9107333,0.943314,1.0,1.0
297,0.9313803,0.9691878,1.0,1.0
298,0.92787683,0.964346,1.0,1.0
299,0.91627055,0.9553853,1.0,1.0
300,0.9044075,0.93575156,1.0,1.0
301,0.9018002,0.93095934,1.0,1.0
302,0.9004819,0.92784876,1.0,1.0
303,0.92753667,0.9534926,1.0,1.0
304,0.922296,0.94583744,1.0,1.0
305,0.94749147,0.972239,1.0,1.0
306,0.95875394,0.9828725,1.0,1.0
307,0.9655226,0.9857492,1.0,1.0
308,0.9346934,0.9585154,1.0,1.0
309,0.92621946,0.94831747,1.0,1.0
310,0.9389886,0.96651566,1.0,1.0
311,0.92532134,0.95691824,1.0,1.0
312,0.9360908,0.96314275,1.0,1.0
313,0.9293068,0.9574463,1.0,1.0
314,0.9378704,0.96582276,1.0,1.0
315,0.9355678,0.9618188,1.0,1.0
316,0.94288296,0.9701973,1.0,1.0
317,0.9399466,0.96784383,1.0,1.0
318,0.9180088,0.94154286,1.0,1.0
319,0.90251595,0.92820925,1.0,1.0
320,0.8810996,0.8999035,1.0,1.0
321,0.88120586,0.8998393,1.0,1.0
322,0.9003247,0.91940165,1.0,1.0
323,0.9234611,0.9445483,1.0,1.0
324,0.9231355,0.9440158,1.0,1.0
325,0.92854273,0.9488226,1.0,1.0
326,0.92951125,0.9498327,1.0,1.0
327,0.93293506,0.95237434,1.0,1.0
328,0.9407662,0.9611364,1.0,1.0
329,0.92845154,0.9492366,1.0,1.0
330,0.9314503,0.9503911,1.0,1.0
331,0.92732465,0.9497889,1.0,1.0
332,0.9288948,0.9564336,1.0,1.0
333,0.9158334,0.9398405,1.0,1.0
334,0.8938048,0.9227283,1.0,1.0
335,0.8688953,0.9020092,1.0,1.0
336,0.8592188,0.9011202,1.0,1.0
337,0.87560034,0.92092526,1.0,1.0
338,0.86953264,0.9167339,1.0,1.0
339,0.8570741,0.9074965,1.0,1.0
340,0.8635034,0.915177,1.0,1.0
341,0.8894826,0.94246525,1.0,1.0
342,0.8968605,0.950269,1.0,1.0
343,0.90628517,0.95899254,1.0,1.0
344,0.9002323,0.9582776,1.0,1.0
345,0.90328395,0.955627,1.0,1.0
346,0.9070975,0.95710593,1.0,1.0
347,0.9122894,0.9594837,1.0,1.0
348,0.9037284,0.95203876,1.0,1.0
349,0.89697564,0.9455315,1.0,1.0
350,0.9044026,0.94812405,1.0,1.0
351,0.90823513,0.94975,1.0,1.0
352,0.92224485,0.965207,1.0,1.0
353,0.92210454,0.9683943,1.0,1.0
354,0.92214763,0.9697332,1.0,1.0
355,0.9315474,0.9757807,1.0,1.0
356,0.9281749,0.9734749,1.0,1.0
357,0.9203477,0.96890926,1.0,1.0
358,0.90744907,0.96199566,1.0,1.0
359,0.89947224,0.9575747,1.0,1.0
360,0.9080295,0.96778584,1.0,1.0
361,0.90575767,0.9669907,1.0,1.0
362,0.9144728,0.9766312,1.0,1.0
363,0.928069,0.9896178,1.0,1.0
364,0.9601061,1.0229869,1.0,1.0
365,0.9869501,1.0478829,1.0,1.0
366,1.011646,1.0746512,1.0,1.0
367,1.049788,1.1130677,1.0,1.0
368,1.0492518,1.1073769,1.0,1.0
369,1.0731634,1.1429033,1.0,1.0
370,1.0382105,1.1253467,1.0,1.0
371,0.9990615,1.1011273,1.0,1.0
372,0.93831813,1.0447209,1.0,1.0
373,0.9378906,1.0412846,1.0,1.0
374,0.9673155,1.067843,1.0,1.0
375,0.96351236,1.0646573,1.0,1.0
376,0.9703526,1.0715595,1.0,1.0
377,0.96680814,1.0676901,1.0,1.0
378,0.93111885,1.0283009,1.0,1.0
379,0.936189,1.0343511,1.0,1.0
380,0.94467705,1.0437303,1.0,1.0
381,0.9623923,1.0643032,1.0,1.0
382,0.95584923,1.0618062,1.0,1.0
383,0.9645465,1.0723989,1.0,1.0
384,0.9991338,1.1064723,1.0,1.0
385,0.99892676,1.1068897,1.0,1.0
386,1.0060594,1.1139385,1.0,1.0
387,1.0065949,1.1136316,1.0,1.0
388,0.987784,1.0963424,1.0,1.0
389,0.99066794,1.10959,1.0,1.0
390,0.974491,1.0858266,1.0,1.0
391,0.9866256,1.0783502,1.0,1.0
392,0.9936957,1.0848385,1.0,1.0
393,0.9985253,1.0919329,1.0,1.0
394,1.021991,1.1208696,1.0,1.0
395,1.0317113,1.1342337,1.0,1.0
396,1.0054307,1.1070062,1.0,1.0
397,0.98769695,1.0902935,1.0,1.0
398,0.98695546,1.0910763,1.0,1.0
399,0.9924732,1.0969241,1.0,1.0
400,0.97785676,1.0842569,1.0,1.0
401,0.9506967,1.0537552,1.0,1.0
402,0.9570306,1.0609205,1.0,1.0
403,0.9610019,1.0726016,1.0,1.0
404,0.95760727,1.0711482,1.0,1.0
405,0.9600449,1.0737383,1.0,1.0
406,0.9540891,1.0684614,1.0,1.0
407,0.93717504,1.0515622,1.0,1.0
408,0.9340366,1.049351,1.0,1.0
409,0.9214394,1.0366644,1.0,1.0
410,0.92702806,1.0413114,1.0,1.0
411,0.91732985,1.0195112,1.0,1.0
412,0.8894328,0.9971571,1.0,1.0
413,0.894393,1.006629,1.0,1.0
414,0.8962351,1.0153488,1.0,1.0
415,0.9068647,1.0210394,1.0,1.0
416,0.90291727,1.014141,1.0,1.0
417,0.9120662,1.0231665,1.0,1.0
418,0.9263802,1.0407058,1.0,1.0
419,0.92145944,1.0348946,1.0,1.0
420,0.90437233,1.0200713,1.0,1.0
421,0.904243,1.024804,1.0,1.0
422,0.8922839,1.0064038,1.0,1.0
423,0.88688487,1.0010629,1.0,1.0
424,0.86777323,0.9873049,1.0,1.0
425,0.8653398,0.9933446,1.0,1.0
426,0.8621339,0.989521,1.0,1.0
427,0.88803184,1.0186301,1.0,1.0
428,0.9103383,1.0461161,1.0,1.0
429,0.91282636,1.0485561,1.0,1.0
430,0.9097034,1.0431794,1.0,1.0
431,0.89608955,1.0279312,1.0,1.0
432,0.8982096,1.0303684,1.0,1.0
433,0.8804626,1.0141293,1.0,1.0
434,0.8847294,1.0195986,1.0,1.0
435,0.8636138,1.0048016,1.0,1.0
436,0.86307853,1.0024601,1.0,1.0
437,0.849435,0.98716575,1.0,1.0
438,0.85470206,0.99118215,1.0,1.0
439,0.84906167,0.9872906,1.0,1.0
440,0.85476905,0.99180406,1.0,1.0
441,0.8590053,0.9941771,1.0,1.0
442,0.8328622,0.96646905,1.0,1.0
443,0.83602035,0.97826135,1.0,1.0
444,0.85099906,0.99601585,1.0,1.0
445,0.8514491,0.9927955,1.0,1.0
446,0.8540977,1.0037081,1.0,1.0
447,0.8431101,0.9913909,1.0,1.0
448,0.85842997,1.0090693,1.0,1.0
449,0.85175085,1.0026991,1.0,1.0
450,0.8464995,0.99531513,1.0,1.0
451,0.84594685,0.99595016,1.0,1.0
452,0.8503666,1.0044497,1.0,1.0
453,0.84419477,1.0129806,1.0,1.0
454,0.83936757,1.0067831,1.0,1.0
455,0.83592165,1.0042553,1.0,1.0
456,0.84154207,1.0064297,1.0,1.0
457,0.8549781,1.0203391,1.0,1.0
458,0.8608909,1.0284553,1.0,1.0
459,0.8602061,1.0290729,1.0,1.0
460,0.85610294,1.0231209,1.0,1.0
461,0.8509648,1.0146908,1.0,1.0
462,0.8424737,1.0182912,1.0,1.0
463,0.8356444,1.0128014,1.0,1.0
464,0.84335667,1.0280721,1.0,1.0
465,0.8371418,1.0261464,1.0,1.0
466,0.8301122,1.022898,1.0,1.0
467,0.83571994,1.0300937,1.0,1.0
468,0.8328359,1.0247251,1.0,1.0
469,0.8399002,1.0312585,1.0,1.0
470,0.8239992,1.01972,1.0,1.0
471,0.83150536,1.0332807,1.0,1.0
472,0.81832063,1.0168896,1.0,1.0
473,0.82586163,1.0319237,1.0,1.0
474,0.8254032,1.0225836,1.0,1.0
475,0.81117004,1.0216335,1.0,1.0
476,0.83447206,1.0427209,1.0,1.0
477,0.8427399,1.0515883,1.0,1.0
478,0.8540656,1.067963,1.0,1.0
479,0.8371504,1.050331,1.0,1.0
480,0.83896786,1.0517386,1.0,1.0
481,0.83569765,1.0406265,1.0,1.0
482,0.85054135,1.0557668,1.0,1.0
483,0.8630548,1.062996,1.0,1.0
484,0.83879316,1.0392075,1.0,1.0
485,0.86023563,1.057308,1.0,1.0
486,0.86435235,1.0713485,1.0,1.0
487,0.8723909,1.0852784,1.0,1.0
488,0.87243396,1.0785325,1.0,1.0
489,0.8651103,1.0663949,1.0,1.0
490,0.8402184,1.0446168,1.0,1.0
491,0.8452582,1.0454079,1.0,1.0
492,0.8296405,1.035863,1.0,1.0
493,0.83814627,1.0440515,1.0,1.0
494,0.8262177,1.0288857,1.0,1.0
495,0.8249954,1.0253983,1.0,1.0
496,0.8322962,1.0317996,1.0,1.0
497,0.8436765,1.0488892,1.0,1.0
498,0.83935237,1.0446706,1.0,1.0
499,0.84036654,1.0440601,1.0,1.0
500,0.8475991,1.0505801,1.0,1.0
501,0.8338129,1.038204,1.0,1.0
502,0.81693554,1.0185282,1.0,1.0
503,0.797325,1.0016495,1.0,1.0
504,0.79653907,1.0046738,1.0,1.0
505,0.7885169,1.0008168,1.0,1.0
506,0.773364,0.98231417,1.0,1.0
507,0.77319735,0.9753635,1.0,1.0
508,0.77777755,0.978537,1.0,1.0
509,0.7657423,0.9680933,1.0,1.0
510,0.7622081,0.95904917,1.0,1.0
511,0.7441876,0.94294894,1.0,1.0
512,0.74364877,0.94199806,1.0,1.0
513,0.7615117,0.9598852,1.0,1.0
514,0.76602095,0.9676511,1.0,1.0
515,0.7906152,0.9949812,1.0,1.0
516,0.8173154,1.0240388,1.0,1.0
517,0.8319835,1.0409129,1.0,1.0
518,0.8267535,1.0354741,1.0,1.0
519,0.8254434,1.0310525,1.0,1.0
520,0.82001156,1.0233475,1.0,1.0
521,0.81483644,1.0184484,1.0,1.0
522,0.8294951,1.0411546,1.0,1.0
523,0.8240194,1.0316981,1.0,1.0
524,0.84034866,1.0496055,1.0,1.0
525,0.8295059,1.0400882,1.0,1.0
526,0.8352287,1.04867,1.0,1.0
527,0.82021624,1.0257335,1.0,1.0
528,0.7994999,0.9994427,1.0,1.0
529,0.7986379,0.99822235,1.0,1.0
530,0.8246209,1.0238001,1.0,1.0
531,0.8288436,1.0189474,1.0,1.0
532,0.83879286,1.021165,1.0,1.0
533,0.84493566,1.026975,1.0,1.0
534,0.8527348,1.0344843,1.0,1.0
535,0.8547857,1.0401665,1.0,1.0
536,0.842399,1.0256189,1.0,1.0
537,0.85778433,1.0432273,1.0,1.0
538,0.8471713,1.0267386,1.0,1.0
539,0.83447737,1.0127393,1.0,1.0
540,0.8354182,1.0074737,1.0,1.0
541,0.8613596,1.0293007,1.0,1.0
542,0.8750191,1.0459924,1.0,1.0
543,0.8715386,1.0420787,1.0,1.0
544,0.8718701,1.0437295,1.0,1.0
545,0.88702464,1.051246,1.0,1.0
546,0.88561636,1.048229,1.0,1.0
547,0.9015142,1.0637075,1.0,1.0
548,0.9090042,1.0732124,1.0,1.0
549,0.8907745,1.0615089,1.0,1.0
550,0.88810456,1.0565999,1.0,1.0
551,0.8803664,1.0393232,1.0,1.0
552,0.8705648,1.0269957,1.0,1.0
553,0.8780932,1.0386771,1.0,1.0
554,0.87432814,1.0348998,1.0,1.0
555,0.88838685,1.051887,1.0,1.0
556,0.89773804,1.0635301,1.0,1.0
557,0.9021362,1.0642078,1.0,1.0
558,0.8867594,1.0540735,1.0,1.0
559,0.89570445,1.0597266,1.0,1.0
560,0.8850906,1.0497534,1.0,1.0
561,0.8739139,1.0421531,1.0,1.0
562,0.8604181,1.0281088,1.0,1.0
563,0.86289024,1.0273887,1.0,1.0
564,0.8622219,1.0262688,1.0,1.0
565,0.85315967,1.0182712,1.0,1.0
566,0.8606867,1.0349292,1.0,1.0
567,0.85137457,1.0318228,1.0,1.0
568,0.8639545,1.046838,1.0,1.0
569,0.864458,1.0448937,1.0,1.0
570,0.87653667,1.05961,1.0,1.0
571,0.8735011,1.0539644,1.0,1.0
572,0.8815976,1.0646082,1.0,1.0
573,0.88015246,1.0580178,1.0,1.0
574,0.8890444,1.068426,1.0,1.0
575,0.8816618,1.0644593,1.0,1.0
576,0.8696836,1.0521528,1.0,1.0
577,0.8815534,1.0603311,1.0,1.0
578,0.8805183,1.0661014,1.0,1.0
579,0.8855462,1.0737041,1.0,1.0
580,0.8856237,1.0786122,1.0,1.0
581,0.88700765,1.0841143,1.0,1.0
582,0.87814987,1.0759844,1.0,1.0
583,0.8829916,1.0789402,1.0,1.0
584,0.88900876,1.0875382,1.0,1.0
585,0.8784614,1.0751827,1.0,1.0
586,0.8641551,1.0651207,1.0,1.0
587,0.85963076,1.0635147,1.0,1.0
588,0.8577676,1.0633485,1.0,1.0
589,0.85051495,1.0565913,1.0,1.0
590,0.8470169,1.0584052,1.0,1.0
591,0.841891,1.0532489,1.0,1.0
592,0.83784443,1.054971,1.0,1.0
593,0.82555735,1.0427461,1.0,1.0
594,0.811817,1.0229396,1.0,1.0
595,0.82890415,1.0379502,1.0,1.0
596,0.83944136,1.0471671,1.0,1.0
597,0.85740006,1.0683435,1.0,1.0
598,0.8624761,1.0723913,1.0,1.0
599,0.8667596,1.0755376,1.0,1.0
600,0.8536854,1.0594498,1.0,1.0
601,0.85854924,1.0636587,1.0,1.0
602,0.85632914,1.0655832,1.0,1.0
603,0.8516765,1.0605382,1.0,1.0
604,0.8498487,1.0620991,1.0,1.0
605,0.8344571,1.0400293,1.0,1.0
606,0.820577,1.0334624,1.0,1.0
607,0.8285746,1.0509377,1.0,1.0
608,0.8268864,1.0526848,1.0,1.0
609,0.83345383,1.0588523,1.0,1.0
610,0.8318063,1.054363,1.0,1.0
611,0.8374603,1.0630668,1.0,1.0
612,0.8413471,1.0718305,1.0,1.0
613,0.845313,1.076353,1.0,1.0
614,0.8410618,1.068444,1.0,1.0
615,0.8332321,1.0599428,1.0,1.0
616,0.83413094,1.0637263,1.0,1.0
617,0.8441293,1.0668173,1.0,1.0
618,0.8465724,1.0703272,1.0,1.0
619,0.8625209,1.0790704,1.0,1.0
620,0.86025083,1.073157,1.0,1.0
621,0.85234195,1.0629088,1.0,1.0
622,0.8450311,1.0444106,1.0,1.0
623,0.8222953,1.0149038,1.0,1.0
624,0.7978813,0.9925264,1.0,1.0
625,0.81358546,1.0213155,1.0,1.0
626,0.82565606,1.0261819,1.0,1.0
627,0.84934294,1.0496336,1.0,1.0
628,0.85017604,1.0520396,1.0,1.0
629,0.8567854,1.0629083,1.0,1.0
630,0.8509345,1.0551608,1.0,1.0
631,0.8483451,1.0571933,1.0,1.0
632,0.8616824,1.0721582,1.0,1.0
633,0.8797721,1.0882474,1.0,1.0
634,0.88609034,1.09711,1.0,1.0
635,0.8898306,1.0996145,1.0,1.0
636,0.8850604,1.0954401,1.0,1.0
637,0.87600994,1.0875564,1.0,1.0
638,0.8528345,1.0542287,1.0,1.0
639,0.85776216,1.0612066,1.0,1.0
640,0.863177,1.0609808,1.0,1.0
641,0.8535121,1.0551424,1.0,1.0
642,0.8766511,1.0799247,1.0,1.0
643,0.8932939,1.0963755,1.0,1.0
644,0.90276015,1.1037191,1.0,1.0
645,0.9015281,1.0995281,1.0,1.0
646,0.90631205,1.1060554,1.0,1.0
647,0.90461826,1.1024213,1.0,1.0
648,0.9021755,1.101511,1.0,1.0
649,0.9085836,1.0851274,1.0,1.0
650,0.9197188,1.1070011,1.0,1.0
651,0.9140937,1.1007841,1.0,1.0
652,0.9236184,1.1132355,1.0,1.0
653,0.9318763,1.1274401,1.0,1.0
654,0.935841,1.1361915,1.0,1.0
655,0.9405608,1.1406108,1.0,1.0
656,0.94404763,1.1409334,1.0,1.0
657,0.9603031,1.1588572,1.0,1.0
658,0.9621191,1.1550196,1.0,1.0
659,0.97833174,1.1740879,1.0,1.0
660,0.9690227,1.1512114,1.0,1.0
661,0.9706717,1.1470082,1.0,1.0
662,0.98343915,1.1524912,1.0,1.0
663,0.986634,1.1549217,1.0,1.0
664,0.96135914,1.1379334,1.0,1.0
665,0.92347026,1.1004223,1.0,1.0
666,0.9335021,1.1066544,1.0,1.0
667,0.90861005,1.0740036,1.0,1.0
668,0.9312021,1.0995413,1.0,1.0
669,0.9241321,1.0965335,1.0,1.0
670,0.92193586,1.091047,1.0,1.0
671,0.90242326,1.0662899,1.0,1.0
672,0.90266824,1.066638,1.0,1.0
673,0.90050536,1.0695949,1.0,1.0
674,0.9006611,1.0704663,1.0,1.0
675,0.9231438,1.0935153,1.0,1.0
676,0.9385521,1.1082883,1.0,1.0
677,0.95275354,1.1204636,1.0,1.0
678,0.9469918,1.1146272,1.0,1.0
679,0.92195433,1.0931926,1.0,1.0
680,0.9373368,1.1106697,1.0,1.0
681,0.93146205,1.1049274,1.0,1.0
682,0.91914904,1.0940337,1.0,1.0
683,0.8844651,1.0654364,1.0,1.0
684,0.8809898,1.0710571,1.0,1.0
685,0.88970476,1.0787594,1.0,1.0
686,0.8663047,1.0532421,1.0,1.0
687,0.87648696,1.0633264,1.0,1.0
688,0.87954533,1.0724019,1.0,1.0
689,0.8535416,1.0400796,1.0,1.0
690,0.8648724,1.0487319,1.0,1.0
691,0.8752299,1.060408,1.0,1.0
692,0.8741456,1.056316,1.0,1.0
693,0.87126607,1.0593537,1.0,1.0
694,0.88269424,1.068641,1.0,1.0
695,0.87762547,1.0645089,1.0,1.0
696,0.86513084,1.0484076,1.0,1.0
697,0.881948,1.0695364,1.0,1.0
698,0.88760316,1.0745708,1.0,1.0
699,0.89354664,1.083267,1.0,1.0
700,0.90353495,1.0970654,1.0,1.0
701,0.89728534,1.0926777,1.0,1.0
702,0.8939719,1.0917879,1.0,1.0
703,0.89527035,1.0885943,1.0,1.0
704,0.8849658,1.0842332,1.0,1.0
705,0.88969433,1.0909293,1.0,1.0
706,0.8922385,1.0998508,1.0,1.0
707,0.90092784,1.1071533,1.0,1.0
708,0.882614,1.0912426,1.0,1.0
709,0.88602775,1.0960945,1.0,1.0
710,0.88042676,1.0900812,1.0,1.0
711,0.87847173,1.0869508,1.0,1.0
712,0.88883406,1.1028509,1.0,1.0
713,0.8853245,1.0980643,1.0,1.0
714,0.89588547,1.1073617,1.0,1.0
715,0.89739037,1.1156173,1.0,1.0
716,0.908033,1.1262385,1.0,1.0
717,0.90593773,1.1261556,1.0,1.0
718,0.90830487,1.1296821,1.0,1.0
719,0.89285666,1.1158891,1.0,1.0
720,0.8772616,1.1003324,1.0,1.0
721,0.8948865,1.1198764,1.0,1.0
722,0.89260375,1.1291056,1.0,1.0
723,0.8917626,1.1276733,1.0,1.0
724,0.87449914,1.1034551,1.0,1.0
725,0.88459444,1.1124218,1.0,1.0
726,0.888669,1.1214341,1.0,1.0
727,0.886515,1.1181029,1.0,1.0
728,0.89135057,1.1239629,1.0,1.0
729,0.8872413,1.1216843,1.0,1.0
730,0.90581405,1.1429206,1.0,1.0
731,0.9004722,1.1327785,1.0029608,1.0029608
732,0.91401696,1.1489278,1.0193936,1.0193936
733,0.9002867,1.1314241,1.0024828,1.0024828
734,0.9007634,1.1331931,1.0046544,1.0046544
735,0.8891802,1.1267244,0.9963799,0.99697477
736,0.90329844,1.1455274,1.0164669,1.0185319
737,0.89266115,1.1396947,0.99487674,1.0035298
738,0.8974749,1.1272817,1.0020906,1.0024637
739,0.90780514,1.1373233,1.0196514,1.012496
740,0.89195216,1.1185867,0.99788576,0.9900997
741,0.8850017,1.1124322,0.9976424,0.98673415
742,0.8561301,1.0781916,0.9648576,0.95517373
743,0.85171556,1.0747403,0.9631,0.95124865
744,0.8560719,1.0793614,0.96331,0.9506615
745,0.8182454,1.0327728,0.9229429,0.90982825
746,0.83034194,1.0436343,0.93759084,0.9203669
747,0.8032847,1.0110838,0.9080843,0.89281064
748,0.808199,1.0157983,0.90860313,0.8982476
749,0.8151579,1.0274818,0.91707385,0.9076163
750,0.83631337,1.0473661,0.93844783,0.9235546
751,0.85626906,1.0701919,0.9626468,0.9452831
752,0.8566104,1.0684202,0.96260655,0.9440236
753,0.84690356,1.0493778,0.951393,0.92722434
754,0.8654613,1.0704516,0.9777179,0.9485526
755,0.8672287,1.069217,0.98561215,0.9498851
756,0.87169045,1.0783908,0.9870503,0.9529559
757,0.870465,1.0792629,0.9918045,0.9547263
758,0.8781934,1.0845443,0.9908649,0.95903695
759,0.8927951,1.10028,1.0090779,0.9736543
760,0.8783367,1.0880833,0.99484026,0.9648206
761,0.8814108,1.0984851,0.9998473,0.9747049
762,0.86216235,1.0710677,0.9907909,0.9596099
763,0.87368304,1.0900729,1.0056287,0.9790197
764,0.8683409,1.0934529,0.99744,0.98072445
765,0.8806785,1.1031245,1.0204587,0.99065995
766,0.88583744,1.1119984,1.0226808,0.9973264
767,0.88089263,1.110552,1.0141517,0.9961504
768,0.8698675,1.0937728,1.0021721,0.9814023
769,0.86378866,1.0839428,1.0006508,0.97360456
770,0.8376252,1.0542333,0.96465135,0.9415337
771,0.8291672,1.0474513,0.9526627,0.9287374
772,0.83289105,1.0570328,0.9577189,0.93946415
773,0.8461371,1.0626718,0.9811817,0.9478137
774,0.827518,1.0357583,0.9636032,0.9249712
775,0.7816674,0.97753847,0.9100957,0.8731813
776,0.8111146,1.0130175,0.94189227,0.9044825
777,0.82376313,1.0278393,0.96011055,0.9207278
778,0.8325771,1.0438589,0.97057,0.9354117
779,0.8421979,1.0585923,0.9827133,0.9498057
780,0.84036356,1.0607458,0.97830033,0.9507151
781,0.8401986,1.060775,0.97843945,0.95320827
782,0.83190364,1.0501422,0.96478117,0.9414047
783,0.8228562,1.0446815,0.9496412,0.9331742
784,0.82167304,1.0409626,0.9444578,0.929806
785,0.80977935,1.0291,0.9292567,0.91761625
786,0.8257213,1.0483241,0.9492242,0.93355054
787,0.8224134,1.0430504,0.9460815,0.9304612
788,0.81670046,1.0375979,0.94247276,0.92745584
789,0.8279498,1.047494,0.9533182,0.93632984
790,0.8081522,1.022232,0.9351565,0.91788095
791,0.8034413,1.0175968,0.9283348,0.9113834
792,0.7884393,0.99395466,0.91498125,0.8924878
793,0.80514663,1.01562,0.9372832,0.9134652
794,0.79395956,0.9896754,0.927436,0.8939367
795,0.8015869,0.99987537,0.9318797,0.90133595
796,0.7886255,0.9792144,0.9161974,0.8844556
797,0.78598195,0.9774867,0.9094512,0.8801498
798,0.7961937,0.98873484,0.921938,0.8918594
799,0.7795553,0.9680835,0.9040781,0.8745104
800,0.7457195,0.9265141,0.86737424,0.8408751
801,0.7344511,0.91268843,0.853276,0.8262937
802,0.686415,0.8467502,0.7962095,0.7663353
803,0.67195725,0.82597274,0.78287053,0.7500745
804,0.68302894,0.8427862,0.79275405,0.763499
805,0.68487465,0.8319324,0.78645694,0.75323534
806,0.7112374,0.86409557,0.81858957,0.78352994
807,0.7260842,0.8802506,0.8371424,0.8002048
808,0.7222147,0.87257624,0.8350726,0.79616594
809,0.73399746,0.8869182,0.8464748,0.8070191
810,0.7519266,0.90875584,0.86675906,0.82636243
811,0.760885,0.9192789,0.87792784,0.8370288
812,0.7661027,0.9242123,0.88495946,0.84236145
813,0.7733962,0.9325219,0.89388394,0.851183
814,0.77403265,0.93505347,0.8931681,0.8531115
815,0.77619946,0.93903387,0.8959016,0.85907525
816,0.78090906,0.94709766,0.9017564,0.8667434
817,0.7863106,0.95345026,0.9089317,0.8739893
818,0.7917193,0.96439207,0.91550684,0.88488066
819,0.79797626,0.97439593,0.92319643,0.8965957
820,0.7601985,0.93141,0.88170123,0.856068
821,0.7836991,0.9580395,0.9075738,0.878461
822,0.7889135,0.96471894,0.912611,0.88463646
823,0.7943079,0.9708186,0.91898525,0.88869905
824,0.79984176,0.97935015,0.9255472,0.8975606
825,0.8025277,0.9850722,0.9291368,0.90580004
826,0.8031848,0.988296,0.93308204,0.9111707
827,0.8030323,0.98642194,0.93675596,0.91405624
828,0.810004,0.9977752,0.9432354,0.9226862
829,0.80765116,0.994973,0.9437775,0.91972065
830,0.8032991,0.98901546,0.9388012,0.91665244
831,0.7866908,0.96740186,0.91788656,0.897569
832,0.79278034,0.9780899,0.9251266,0.90764505
833,0.79493546,0.9856566,0.92641187,0.91349614
834,0.7959034,0.9870349,0.93152386,0.91639215
835,0.7946294,0.9808134,0.9324859,0.9087513
836,0.8017634,0.9903464,0.9420062,0.9159979
837,0.7991913,0.9839457,0.9394406,0.91166025
838,0.8089557,0.9969917,0.94603795,0.92147183
839,0.7948408,0.98977286,0.9349671,0.9213806
840,0.7871948,0.9841562,0.9233721,0.9179162
841,0.8048216,1.0059062,0.9472036,0.93837345
842,0.8118029,1.0048761,0.95113057,0.9386321
843,0.8133942,1.0120348,0.9574645,0.95163167
844,0.8221868,1.0266709,0.96959984,0.9684494
845,0.8104301,1.008678,0.95596415,0.95011985
846,0.81517303,1.0149794,0.95847774,0.9549059
847,0.8075299,1.0109142,0.951163,0.9540103
848,0.8104685,1.0171238,0.95149624,0.9578341
849,0.80501634,1.0111052,0.9468228,0.9502855
850,0.7992544,1.0007676,0.93466103,0.9367733
851,0.81482446,1.0154437,0.94489574,0.9454186
852,0.8109076,1.0117186,0.94769925,0.9472739
853,0.81179434,1.0103203,0.9488628,0.94667274
854,0.7946129,0.99248236,0.9276075,0.92792004
855,0.8075192,1.0081841,0.94682306,0.94625497
856,0.81082267,1.0119051,0.94795513,0.9471125
857,0.79759073,0.9939346,0.9287439,0.92292196
858,0.81990665,1.0241717,0.9557449,0.9513875
859,0.8358016,1.0424556,0.9732587,0.9666373
860,0.8448127,1.053449,0.98637664,0.97955066
861,0.8457072,1.0513864,0.9889854,0.9793595
862,0.8407478,1.0478404,0.9883145,0.97751004
863,0.8392498,1.0433799,0.98871696,0.9746705
864,0.8409748,1.0470853,0.98980117,0.97899824
865,0.84245723,1.0592059,0.9950317,0.99384403
866,0.8465506,1.0691355,1.0003014,1.0037434
867,0.8444297,1.0702952,1.0042123,1.010771
868,0.8482829,1.0704585,1.0116528,1.0112964
869,0.8075325,1.0161163,0.97193754,0.96913683
870,0.8007568,1.0080422,0.9595868,0.9594193
871,0.8098587,1.0205878,0.96896476,0.96870893
872,0.8021255,1.0243188,0.96875894,0.97066
873,0.8138513,1.0400298,0.98265964,0.98610145
874,0.821733,1.0444502,0.99452966,0.9918378
875,0.8261311,1.0491847,1.0004565,0.99814713
876,0.8341823,1.0617895,1.0162437,1.0163153
877,0.83560395,1.0626494,1.0183129,1.017507
878,0.84612167,1.0763211,1.0351398,1.0311397
879,0.85529244,1.0896564,1.0456445,1.0416212
880,0.86059237,1.0986029,1.0494506,1.0471951
881,0.85838556,1.1013274,1.044973,1.0461857
882,0.8391933,1.0842959,1.0208133,1.0283507
883,0.8368627,1.0881454,1.0166075,1.0382442
884,0.8340747,1.0894287,1.0162542,1.0378563
885,0.8010293,1.047252,0.98451406,1.0026159
886,0.7975473,1.039132,1.0002428,1.003463
887,0.7838318,1.0267221,0.9822976,0.99130714
888,0.79604363,1.0392749,1.0012031,1.0079525
889,0.78420776,1.0295538,0.99061316,1.0017345
890,0.75237656,0.9936348,0.9528865,0.9722364
891,0.7439173,0.98424196,0.93894523,0.9627487
892,0.76022613,1.0040486,0.9638107,0.98618436
893,0.76292527,1.0093576,0.9702572,0.99451727
894,0.7810086,1.0332677,0.9932119,1.0189441
895,0.7942279,1.0495024,1.0155944,1.0350153
896,0.78361124,1.0361568,1.003547,1.0253154
897,0.77757394,1.0269073,0.99422187,1.0147398
898,0.7717273,1.0246968,0.98726624,1.0125521
899,0.76827985,1.014961,0.9793874,1.0011225
900,0.7454269,0.98310256,0.94269747,0.9640729
901,0.7303027,0.95563686,0.9187853,0.9366896
902,0.7344074,0.95403254,0.9268254,0.9366681
903,0.7445368,0.975263,0.9356837,0.95716435
904,0.74594414,0.9777505,0.93170124,0.95637226
905,0.7478271,0.98092514,0.93378955,0.959284
906,0.72638494,0.953883,0.9089781,0.9354803
907,0.7076892,0.92958647,0.88750196,0.9108697
908,0.72065,0.94812125,0.9045975,0.92854404
909,0.6941912,0.91166043,0.8625373,0.89118016
910,0.687656,0.8998247,0.86094564,0.88331014
911,0.67059815,0.88426155,0.82747406,0.8699421
912,0.6569968,0.8686535,0.7961996,0.85083425
913,0.66684115,0.88201195,0.81586486,0.86387914
914,0.6873196,0.90603566,0.8450278,0.8924692
915,0.6919132,0.91431147,0.8561814,0.9108212
916,0.7116309,0.9410382,0.88302225,0.9405521
917,0.7149084,0.9471599,0.8856313,0.94397634
918,0.71931344,0.95346093,0.8930458,0.9510905
919,0.70826596,0.9406623,0.87637585,0.9327916
920,0.70661205,0.93593353,0.882309,0.9360203
921,0.70431894,0.92690885,0.8832351,0.9274795
922,0.6962179,0.9194445,0.8877885,0.92116374
923,0.7133063,0.9307608,0.90497845,0.9316507
924,0.7188863,0.93851703,0.9039302,0.93918633
925,0.71854997,0.932453,0.9051476,0.9330578
926,0.68948966,0.89346874,0.8726997,0.898925
927,0.6975687,0.90214825,0.8871919,0.9106764
928,0.71423274,0.9233973,0.9084157,0.92928594
929,0.7301939,0.9451748,0.92885476,0.9488939
930,0.7419131,0.9595052,0.9488149,0.9667546
931,0.7582485,0.9824001,0.97335386,0.9905283
932,0.76963544,0.9966818,0.9897306,1.0072683
933,0.77389807,1.001234,0.98994106,1.0084913
934,0.7771297,1.0031333,0.9855687,1.006448
935,0.7711932,1.0019101,0.9826833,1.0055835
936,0.7770159,1.0040102,0.9977404,1.0131539
937,0.77449834,0.99568176,0.99153835,1.0070993
938,0.78843635,1.0203911,1.0161601,1.0339702
939,0.78987277,1.0212504,1.0112648,1.0337689
940,0.79134035,1.0261798,1.0106549,1.0334872
941,0.7769704,1.0119181,0.9942585,1.0186812
942,0.78548586,1.0142281,1.009282,1.0231159
943,0.77471405,1.0007715,0.99382025,1.0060693
944,0.77399653,0.99922466,0.9953905,1.0046929
945,0.77656406,1.0000292,0.9977468,1.011816
946,0.77314967,0.9966797,0.9856455,0.9996798
947,0.7753804,0.9922802,0.9998112,0.9999514
948,0.8020904,1.0169892,1.0309787,1.0229386
949,0.80014086,1.0151668,1.0248584,1.0194724
950,0.808195,1.0241959,1.0285116,1.0233475
951,0.8131609,1.0268397,1.0347371,1.0276747
952,0.8197789,1.0356972,1.0449258,1.037427
953,0.8179987,1.0307165,1.0425684,1.030828
954,0.8273793,1.0381304,1.0552609,1.0356233
955,0.8255999,1.033726,1.0405555,1.0272874
956,0.8274938,1.029032,1.0431432,1.0255735
957,0.81592095,1.026804,1.0291551,1.025941
958,0.81321275,1.0242542,1.0275357,1.0262468
959,0.8017592,1.014419,1.0126028,1.0113279
960,0.80837965,1.023081,1.0133625,1.0144967
961,0.8074241,1.0184314,1.0123329,1.0143678
962,0.78475344,0.9947979,0.98105526,0.985659
963,0.76809925,0.97439975,0.9658343,0.9719182
964,0.76541597,0.9688044,0.95807683,0.9652714
965,0.75280225,0.95745355,0.94722456,0.9578068
966,0.7561308,0.9583743,0.95916855,0.95354724
967,0.78097093,0.9808417,1.0002955,0.9795217
968,0.7870361,0.9865638,1.0157342,0.98532516
969,0.77693206,0.97385925,1.0082322,0.97685874
970,0.77150834,0.97072464,0.999621,0.9691945
971,0.775823,0.98135924,0.99475735,0.97651815
972,0.794004,0.9984073,1.0178326,0.99229825
973,0.7998185,1.0088909,1.0198007,0.9983221
974,0.7985171,1.0055472,1.0187737,0.9998921
975,0.7959173,0.99802166,1.019927,0.99750674
976,0.7967469,1.0002539,1.0205231,1.0005392
977,0.7873757,0.9907871,1.0143887,0.9919947
978,0.77825403,0.98230445,1.0080554,0.9872612
979,0.7720407,0.9779597,1.0038899,0.98555845
980,0.7737264,0.9795366,1.0137476,0.98996234
981,0.7797871,0.9891821,1.0179766,0.9980437
982,0.7723169,0.9842922,1.0113637,0.9922284
983,0.78117883,0.98788625,1.0236102,0.9973446
984,0.79195327,0.99884784,1.0440162,1.0105616
985,0.80605835,1.0120234,1.0698355,1.0300596
986,0.8217867,1.0274687,1.088686,1.0447859
987,0.8342097,1.0355896,1.1085552,1.0560094
988,0.84528375,1.048392,1.1285497,1.0720855
989,0.85067755,1.058859,1.1285386,1.0852214
990,0.8585766,1.0624686,1.1423076,1.0882313
991,0.8484703,1.0539204,1.1348878,1.0807321
992,0.85446334,1.0567646,1.151041,1.086745
993,0.8484433,1.048497,1.1444153,1.0804933
994,0.8556243,1.0540335,1.1525053,1.0859277
995,0.8546074,1.0525438,1.1467326,1.0808326
996,0.8711339,1.0708076,1.1757083,1.1004047
997,0.8650444,1.0649834,1.1659681,1.0918341
998,0.86476296,1.0663906,1.1668009,1.0929084
999,0.84205997,1.0364705,1.1389023,1.066499
1000,0.82342416,1.0200436,1.1201936,1.0529859
1001,0.8353779,1.0353422,1.1387322,1.0673684
1002,0.8387264,1.0385122,1.1461475,1.0710018
1003,0.8418254,1.0411642,1.149295,1.0750089
1004,0.83962184,1.0365499,1.1498317,1.0736083
1005,0.83567536,1.0324789,1.1460601,1.0703304
1006,0.82352763,1.0197543,1.1364334,1.0638969
1007,0.8304927,1.0318601,1.1490202,1.0778542
1008,0.845674,1.047762,1.1764749,1.0945513
1009,0.8513512,1.050339,1.1702231,1.0948337
1010,0.85087,1.0502026,1.1822797,1.1039811
1011,0.84117377,1.0399975,1.1683371,1.0972521
1012,0.8232315,1.0198529,1.1506674,1.0828987
1013,0.8262456,1.029309,1.1546016,1.0934662
1014,0.8200136,1.0199901,1.1366963,1.0886122
1015,0.806383,1.0070661,1.1304303,1.0759737
1016,0.8141625,1.0170909,1.1433094,1.090332
1017,0.801756,1.0065528,1.1198927,1.0763845
1018,0.8045726,1.0147536,1.1289991,1.0908449
1019,0.79045624,0.99895465,1.1016008,1.0701268
1020,0.7943936,1.00212,1.1081368,1.0688812
1021,0.7836396,0.9882258,1.0955757,1.0520452
1022,0.79036975,1.0001014,1.1018277,1.0631534
1023,0.78898275,1.0030406,1.0972354,1.0610588
1024,0.7914084,1.0098755,1.096685,1.0598202
1025,0.7836314,1.0040895,1.0788617,1.0482345
1026,0.7836037,1.0047407,1.1000044,1.0544232
1027,0.77723575,0.99991685,1.094068,1.0460465
1028,0.7743254,0.9951636,1.0853976,1.0379213
1029,0.77303255,0.9900007,1.0772917,1.0428941
1030,0.7861138,1.0085796,1.0943958,1.0633664
1031,0.7927876,1.021735,1.105345,1.0809081
1032,0.79220295,1.0247403,1.1039579,1.0873467
1033,0.7854851,1.021394,1.09034,1.0805194
1034,0.7915536,1.0257323,1.1043895,1.0918456
1035,0.77753943,1.0082821,1.0883428,1.0773616
1036,0.7754724,1.0140727,1.0868565,1.0871743
1037,0.7792849,1.0267987,1.0921998,1.103637
1038,0.7780975,1.031528,1.1005547,1.1152718
1039,0.78387636,1.0310968,1.1024249,1.1126653
1040,0.7805812,1.0238088,1.0980816,1.1028364
1041,0.7810244,1.0203403,1.0919901,1.0911645
1042,0.77608293,1.014899,1.0860744,1.0857617
1043,0.78348786,1.0178212,1.0648237,1.0702226
1044,0.7576831,0.9885463,1.025981,1.0448667
1045,0.7585297,0.9910128,1.019923,1.0484611
1046,0.749483,0.9686316,0.9836978,1.0066136
1047,0.7548772,0.97025514,0.9865446,1.0079651
1048,0.7378213,0.944468,0.970476,0.990225
1049,0.7409895,0.9644353,0.9712744,1.0075836
1050,0.7394784,0.9718816,0.9720866,1.0176209
1051,0.73405796,0.96905357,0.9612749,1.0131593
1052,0.74129415,0.98042446,0.9666064,1.0227314
1053,0.7365668,0.9741728,0.9599242,1.0160036
1054,0.7389949,0.9836468,0.977528,1.0379789
1055,0.7387425,0.99077564,0.98394156,1.052279
1056,0.7294206,0.9751471,0.97496223,1.0382247
1057,0.73647743,0.98582196,0.98471093,1.0543686
1058,0.73047084,0.97453797,0.9771552,1.0476276
1059,0.7329283,0.9763031,0.9781079,1.0441835
1060,0.74084026,0.9875215,0.987131,1.0499448
1061,0.73660636,0.9836243,0.9873193,1.0519689
1062,0.7330475,0.9836557,0.98447025,1.054307
1063,0.7218675,0.9708105,0.97644705,1.0445472
1064,0.7190287,0.9689263,0.96745765,1.0420505
1065,0.7104941,0.9613312,0.95368665,1.0335772
1066,0.715803,0.9737372,0.95214766,1.0409787
1067,0.71416706,0.9736776,0.94555986,1.0389016
1068,0.72620374,0.9891083,0.9503925,1.0557375
1069,0.72816783,0.992345,0.9448546,1.0580053
1070,0.7268157,1.0061665,0.9396505,1.0696183
1071,0.7275343,1.0108607,0.94098455,1.0777063
1072,0.734126,1.0224406,0.95500386,1.0912383
1073,0.7214198,1.0071832,0.94336486,1.0784423
1074,0.72415966,1.0175318,0.93875855,1.0760338
1075,0.723952,1.012819,0.946022,1.0778283
1076,0.73116606,1.021099,0.9646333,1.0924212
1077,0.7399761,1.0279496,0.97351867,1.0944666
1078,0.74402714,1.0274676,0.97722954,1.0909476
1079,0.7433105,1.025873,0.97264117,1.0881708
1080,0.74240834,1.022689,0.97771865,1.0892487
1081,0.74205476,1.0243847,0.9766555,1.093408
1082,0.7443065,1.0249768,0.978867,1.0904522
1083,0.7405921,1.018075,0.978144,1.0831383
1084,0.7245754,0.99883825,0.9585179,1.0675783
1085,0.7211559,0.9844729,0.9483511,1.0496681
1086,0.729349,1.0001322,0.9585404,1.0682724
1087,0.7227386,0.9926156,0.95206946,1.0634797
1088,0.72873855,1.0028445,0.95877093,1.0743983
1089,0.73244226,1.0089185,0.96461093,1.0812255
1090,0.7334365,1.0126185,0.97177714,1.092029
1091,0.7363846,1.0149888,0.9737111,1.0944328
1092,0.7305411,1.0065852,0.96732986,1.085077
1093,0.7326917,1.0099996,0.9661818,1.0846233
1094,0.7269876,1.0040776,0.96367294,1.0828797
1095,0.72534096,1.0004864,0.96318275,1.0817338
1096,0.7228229,1.0006913,0.95187926,1.0825497
1097,0.7113738,0.98311526,0.94049364,1.0696143
1098,0.71623254,0.992825,0.9461892,1.0804847
1099,0.7137291,0.9915406,0.9451164,1.0792594
1100,0.7107039,0.98841614,0.94318855,1.0794575
1101,0.71061456,0.9884079,0.9467211,1.0808189
1102,0.70784026,0.9890648,0.9430857,1.0832789
1103,0.70037687,0.97969157,0.9362974,1.0735723
1104,0.69887036,0.9734026,0.93661326,1.0700105
1105,0.6912003,0.9647384,0.92602336,1.061856
1106,0.69619745,0.9783886,0.93413556,1.0766668
1107,0.6856766,0.9665929,0.92149585,1.0652984
1108,0.6827628,0.9622007,0.91770124,1.0594983
1109,0.68086916,0.96308243,0.9168785,1.0634111
1110,0.68596166,0.97240454,0.926683,1.0762933
1111,0.6877556,0.975575,0.9268286,1.0750079
1112,0.684935,0.9711475,0.9229521,1.068677
1113,0.68861103,0.97188723,0.9314905,1.0733612
1114,0.68908674,0.97925395,0.9253292,1.0759089
1115,0.6892809,0.98510206,0.9233981,1.0839015
1116,0.6810485,0.9823132,0.9148079,1.0857071
1117,0.669339,0.9663663,0.89389294,1.0693834
1118,0.6698491,0.97077626,0.8954546,1.0768222
1119,0.6562548,0.9538944,0.87904423,1.0611868
1120,0.66235924,0.97092336,0.8829206,1.0813578
1121,0.66139823,0.96525323,0.8895308,1.0777074
1122,0.65662795,0.95546985,0.875974,1.054015
1123,0.66422576,0.9708844,0.87830883,1.0624957
1124,0.64546466,0.94498646,0.8523241,1.0361035
1125,0.6432087,0.94129807,0.8492251,1.0310476
1126,0.65153843,0.9529237,0.8618647,1.0433278
1127,0.6346936,0.9350799,0.8481312,1.0333894
1128,0.6373956,0.94400007,0.84244496,1.0347552
1129,0.6307092,0.9253217,0.8263016,1.0076988
1130,0.6263038,0.93067425,0.81946313,1.0070107
1131,0.6519379,0.9583666,0.8557241,1.0491918
1132,0.6573063,0.95677334,0.8631535,1.0532113
1133,0.6550584,0.9509394,0.8654202,1.0545548
1134,0.654072,0.9472266,0.8699299,1.0537356
1135,0.66191316,0.9579972,0.88231015,1.0680119
1136,0.65397644,0.9473893,0.8717835,1.0574855
1137,0.65243477,0.9463684,0.8724964,1.0593946
1138,0.63923496,0.926146,0.8539381,1.0382196
1139,0.6298036,0.9172807,0.8491776,1.034164
1140,0.63165945,0.9244478,0.8556542,1.0411134
1141,0.63013685,0.91951454,0.856486,1.0371993
1142,0.62640065,0.91413015,0.8442885,1.0248886
1143,0.625472,0.90743285,0.84251124,1.0191077
1144,0.6257581,0.9088339,0.8436421,1.0199213
1145,0.6341266,0.91969234,0.8511719,1.0335852
1146,0.6376654,0.91953194,0.8536019,1.0334741
1147,0.63247156,0.9128415,0.84619987,1.0261141
1148,0.6337074,0.9070166,0.8482654,1.0232625
1149,0.6409501,0.91809624,0.86098796,1.0371066
1150,0.64259213,0.9209633,0.8646525,1.0393896
1151,0.6351588,0.91595346,0.85698116,1.0351611
1152,0.62976474,0.9133737,0.85564756,1.0371456
1153,0.63981164,0.9300036,0.865262,1.0536083
1154,0.64516103,0.9311721,0.86522275,1.0498703
1155,0.6454938,0.9335872,0.85392886,1.0439903
1156,0.64135796,0.9369986,0.84903336,1.0444976
1157,0.6424354,0.932307,0.856808,1.0493585
1158,0.6400113,0.93035436,0.84405124,1.0389706
1159,0.64300424,0.92963225,0.8384514,1.0368694
1160,0.64220876,0.9204814,0.8358188,1.0257459
1161,0.63483125,0.9069046,0.81109685,1.0084335
1162,0.6159315,0.89514977,0.8067383,1.0018802
1163,0.6097363,0.8857442,0.80123216,0.99871206
1164,0.6094147,0.8721216,0.80133414,0.98739815
1165,0.6229072,0.8935207,0.8110705,1.002122
1166,0.639722,0.91503835,0.8303242,1.0256755
1167,0.6456756,0.9229381,0.8351451,1.0306203
1168,0.6616736,0.94782174,0.86102116,1.0685961
1169,0.6685694,0.95798254,0.8683966,1.0779191
1170,0.66584456,0.95966107,0.8536252,1.0656314
1171,0.66435134,0.961425,0.8549549,1.0689662
1172,0.6571183,0.9551638,0.8585881,1.0662905
1173,0.66313684,0.96493423,0.86564916,1.0724733
1174,0.679399,0.99068606,0.87833184,1.0963678
1175,0.68501145,0.9983646,0.88365424,1.1048424
1176,0.68537706,1.0004172,0.8839852,1.1066473
1177,0.6783876,0.99134064,0.87753046,1.0999758
1178,0.6743474,0.9832382,0.8722131,1.0909034
1179,0.68465143,0.9959521,0.88638777,1.106328
1180,0.6894047,1.004478,0.8871882,1.1093955
1181,0.6999134,1.016931,0.89915526,1.1211965
1182,0.6993979,1.012838,0.8966771,1.1143749
1183,0.7048418,1.0183392,0.90468556,1.1215402
1184,0.70727485,1.0218759,0.907453,1.1249388
1185,0.70999753,1.0205336,0.9098256,1.1219406
1186,0.69737196,1.0001777,0.8990835,1.10406
1187,0.70447314,1.0143174,0.9047687,1.1146086
1188,0.6921205,0.9956659,0.8939759,1.0996114
1189,0.69204056,0.9929524,0.8930878,1.0978817
1190,0.69697416,1.0035132,0.9020386,1.1028883
1191,0.69641244,0.99626666,0.9002302,1.0979052
1192,0.69233626,0.99255794,0.89351434,1.0951586
1193,0.7001823,1.0028563,0.9035547,1.1058973
1194,0.7079791,1.0104986,0.9106095,1.1112047
1195,0.6977387,0.99550074,0.89524513,1.0928228
1196,0.70541483,1.0033114,0.900035,1.0978048
1197,0.7025794,0.9986066,0.89808303,1.0936772
1198,0.688745,0.9812867,0.8815559,1.0780191
1199,0.69803417,0.9947081,0.89537024,1.0944993
1200,0.7016887,1.004296,0.90150857,1.1070095
1201,0.7030975,0.9999494,0.90572906,1.1009845
1202,0.6929894,0.99114174,0.89876574,1.0936801
1203,0.68421054,0.9899684,0.88900614,1.0885729
1204,0.67799807,0.98225504,0.87985873,1.0781804
1205,0.6713361,0.9758285,0.8703297,1.070912
1206,0.6560135,0.9611383,0.84809554,1.0516052
1207,0.65894693,0.9650089,0.85383916,1.0584892
1208,0.6436738,0.9521987,0.8285034,1.0470527
1209,0.65270245,0.95959723,0.8423768,1.0528473
1210,0.6359903,0.94379383,0.8240796,1.0350901
1211,0.64897394,0.9616689,0.8496226,1.0645822
1212,0.659906,0.9816807,0.8721644,1.0906175
1213,0.6791244,1.0092564,0.90114444,1.1201806
1214,0.6805375,1.0182501,0.90984243,1.135031
1215,0.6809821,1.0202798,0.91280156,1.1437255
1216,0.6790816,1.0142549,0.91251856,1.1389608
1217,0.6636615,0.9884282,0.8919953,1.1100805
1218,0.6521263,0.9741498,0.8756621,1.0921742
1219,0.65346473,0.98458445,0.884704,1.1107751
1220,0.63911664,0.9632407,0.8660929,1.0864238
1221,0.65064013,0.9813386,0.87987846,1.0992395
1222,0.64402294,0.9691084,0.8724134,1.0902907
1223,0.6398189,0.9660124,0.87176806,1.0904166
1224,0.63155246,0.95303595,0.8574648,1.072156
1225,0.61687714,0.9280025,0.840399,1.0489762
1226,0.6102159,0.9182188,0.82436997,1.0252304
1227,0.6042327,0.90980756,0.8353864,1.017821
1228,0.56160694,0.85385865,0.77149457,0.95043474
1229,0.56695247,0.8578425,0.7780164,0.95124245
1230,0.5745228,0.8695032,0.7868382,0.96898633
1231,0.59314466,0.89920205,0.81456274,1.0075301
1232,0.59540606,0.9046562,0.81869495,1.016481
1233,0.5725768,0.86848396,0.7837216,0.97241294
1234,0.55278087,0.8392022,0.75903225,0.9434774
1235,0.5254802,0.7965828,0.72019523,0.8928667
1236,0.51592714,0.7800516,0.7043507,0.86977047
1237,0.50054365,0.7533667,0.68001604,0.840123
1238,0.45814773,0.6882833,0.6200847,0.76413286
1239,0.44618058,0.689042,0.61822087,0.76770675
1240,0.449703,0.6738442,0.62923497,0.7502261
1241,0.4647201,0.7099713,0.6522275,0.794527
1242,0.4712594,0.72711456,0.6615213,0.8124074
1243,0.47829688,0.738001,0.6719375,0.82456404
1244,0.49085748,0.75721616,0.6886289,0.84484375
1245,0.5034918,0.7764382,0.70575815,0.8653282
1246,0.5210233,0.8026477,0.7310727,0.8950569
1247,0.53004354,0.8161054,0.74286723,0.9092099
1248,0.54543406,0.8399995,0.76294124,0.9344026
1249,0.50721663,0.781694,0.71289057,0.87321734
1250,0.5261319,0.8108612,0.7385345,0.90542775
1251,0.53180265,0.8209062,0.7458129,0.9167783
1252,0.5314247,0.8214432,0.74632615,0.91802675
1253,0.5231714,0.8083758,0.73374474,0.90324897
1254,0.53192747,0.81779814,0.7461492,0.91185486
1255,0.53275096,0.8138664,0.74805987,0.9070669
1256,0.53557575,0.82119805,0.75174665,0.91338867
1257,0.54586655,0.83940095,0.76559263,0.93515486
1258,0.5503844,0.8521046,0.77434874,0.95161176
1259,0.55275637,0.8576808,0.7773672,0.9580585
1260,0.54648864,0.85155064,0.7686532,0.9539033
1261,0.5553573,0.8650665,0.78295475,0.97021526
1262,0.5665848,0.8842907,0.798812,0.99129975
1263,0.56770056,0.8846252,0.8022335,0.9929426
1264,0.5722394,0.8954382,0.8113525,1.005646
1265,0.5773945,0.9034129,0.8191945,1.0165622
1266,0.56768566,0.8921448,0.8079781,1.0045387
1267,0.5528541,0.8673584,0.7921724,0.9831052
1268,0.5481992,0.8645309,0.78972894,0.9819704
1269,0.53358483,0.8352991,0.7671657,0.9495226
1270,0.5437906,0.8540812,0.7818285,0.96964985
1271,0.5509596,0.870069,0.79236066,0.9861068
1272,0.55802673,0.88485694,0.80193913,1.0020483
1273,0.5548744,0.8825275,0.79808414,1.0015796
1274,0.55000895,0.8749034,0.7898082,0.99198335
1275,0.5352696,0.85161966,0.76886195,0.96536064
1276,0.54579943,0.8683388,0.7824023,0.9839457
1277,0.5273232,0.8451876,0.7551211,0.9565927
1278,0.526108,0.8437861,0.75602317,0.95668256
1279,0.519249,0.83650297,0.75216997,0.94919956
1280,0.4989532,0.79305094,0.71495587,0.89363927
1281,0.4632511,0.73202163,0.6596085,0.8214763
1282,0.49525565,0.78205824,0.7138412,0.8835723
1283,0.49985874,0.7879103,0.7195984,0.8869203
1284,0.5004724,0.7875036,0.7154672,0.88118345
1285,0.48865235,0.77030164,0.702421,0.86590105
1286,0.4923541,0.7763123,0.7145821,0.87884814
1287,0.50293285,0.79311615,0.7310226,0.8988364
1288,0.5063932,0.80023134,0.73624057,0.9062819
1289,0.5138885,0.8114061,0.74840564,0.92066497
1290,0.5312144,0.83827454,0.7749575,0.95263547
1291,0.5264106,0.8302597,0.7675143,0.94396883
1292,0.5396768,0.851871,0.786379,0.9669535
1293,0.5436617,0.8575469,0.7932374,0.974872
1294,0.5345787,0.8427247,0.7790023,0.9569164
1295,0.5416896,0.85377556,0.7871229,0.96950597
1296,0.53976476,0.8435127,0.78369194,0.9574088
1297,0.5328775,0.82436144,0.76778245,0.9317701
1298,0.53566843,0.8349851,0.77390754,0.9469167
1299,0.5308447,0.83072233,0.7645663,0.94387794
1300,0.5387566,0.83577424,0.7749179,0.9504966
1301,0.5472563,0.84751487,0.78537935,0.9626514
1302,0.5498423,0.8551108,0.78487325,0.9682989
1303,0.54106766,0.8436427,0.7764659,0.9594639
1304,0.5479729,0.8524601,0.78537935,0.97018445
1305,0.53255326,0.8292175,0.76085514,0.9420242
1306,0.52945143,0.81925255,0.7582206,0.93523747
1307,0.5328695,0.8203914,0.75844675,0.93933904
1308,0.5216173,0.8085807,0.74155396,0.928687
1309,0.5268892,0.81071717,0.7464721,0.93292344
1310,0.516929,0.8005776,0.73752135,0.92430013
1311,0.5204702,0.80298066,0.7475035,0.92815906
1312,0.50498885,0.7802027,0.7247125,0.9033848
1313,0.49880505,0.77621764,0.717525,0.8959347
1314,0.48895803,0.7604943,0.706602,0.88104606
1315,0.4725127,0.73608804,0.6859415,0.8524996
1316,0.4742001,0.74320793,0.6891612,0.8597854
1317,0.47961435,0.748036,0.69090617,0.867384
1318,0.48634252,0.7591799,0.6957065,0.87547094
1319,0.47894445,0.7512185,0.682635,0.862593
1320,0.4797007,0.7507996,0.6863357,0.864003
1321,0.474918,0.74220467,0.68018436,0.8538298
1322,0.48465633,0.7534293,0.69572824,0.8683832
1323,0.48247823,0.7479378,0.6940758,0.86362827
1324,0.46834382,0.7263718,0.6726627,0.8370522
1325,0.46730354,0.72567064,0.6736293,0.8379133
1326,0.45307192,0.70399654,0.6546899,0.81255233
1327,0.45587927,0.70589924,0.65837294,0.81456494
1328,0.46687582,0.7197652,0.67390376,0.82874024
1329,0.46081161,0.7092932,0.6634639,0.8200485
1330,0.4675954,0.7161036,0.6729218,0.8281518
1331,0.47215033,0.7205984,0.6750914,0.82907283
1332,0.47472918,0.7275806,0.6797983,0.8369783
1333,0.47247803,0.7244793,0.67974484,0.836412
1334,0.45593742,0.70525765,0.6570098,0.8165912
1335,0.45956612,0.7094747,0.66053885,0.8192509
1336,0.444003,0.6815648,0.63841313,0.7881791
1337,0.45763832,0.6993327,0.6570644,0.8034378
1338,0.4658768,0.69893533,0.6620143,0.79837674
1339,0.4798993,0.72450477,0.67875195,0.8248053
1340,0.47930947,0.7227171,0.67340726,0.82095313
1341,0.46910295,0.70923233,0.6558316,0.8037625
1342,0.46862203,0.70845634,0.6566401,0.8049801
1343,0.4668361,0.7008332,0.65185565,0.79536414
1344,0.4673482,0.7035416,0.65132505,0.79574823
1345,0.46600723,0.70146435,0.64990306,0.7961575
1346,0.46947354,0.70320594,0.6543321,0.79779714
1347,0.45893338,0.69049746,0.6422216,0.78612345
1348,0.44969842,0.67626244,0.6309754,0.77160805
1349,0.45309493,0.68194157,0.63962364,0.7815365
1350,0.4611499,0.693794,0.65265584,0.7974433
1351,0.46406475,0.69770986,0.6579848,0.80319554
1352,0.47301996,0.70781386,0.67204446,0.8160156
1353,0.4877975,0.72876036,0.6894149,0.8368255
1354,0.48862904,0.73010564,0.69090617,0.8365796
1355,0.47848496,0.7172684,0.67823297,0.82329655
1356,0.46686652,0.6986636,0.66292316,0.80386305
1357,0.4785645,0.7121278,0.6806027,0.8192764
1358,0.47483817,0.70659846,0.677136,0.81287676
1359,0.47203737,0.7053397,0.6811883,0.8147544
1360,0.46737686,0.700257,0.6751467,0.8093954
1361,0.46110195,0.6905326,0.66486955,0.79689324
1362,0.4690541,0.7002421,0.6756815,0.8067202
1363,0.46997654,0.6997743,0.6786523,0.8062803
1364,0.47408074,0.7063546,0.6864469,0.81662685
1365,0.4674022,0.6968699,0.67776465,0.80696064
1366,0.4645085,0.69237626,0.67462623,0.8031602
1367,0.45714128,0.68113387,0.6646794,0.7905879
1368,0.45663348,0.68055433,0.6650396,0.7918799
1369,0.45057973,0.67328244,0.6571711,0.7821082
1370,0.44428772,0.66294366,0.6504546,0.77323574
1371,0.44976947,0.6687458,0.6584097,0.78172845
1372,0.44055486,0.6551596,0.65071726,0.76849425
1373,0.44416615,0.65964293,0.65414846,0.77342963
1374,0.45071915,0.669741,0.6625288,0.78428996
1375,0.46114334,0.68430513,0.6767903,0.80068296
1376,0.4579834,0.6806408,0.6720738,0.79616666
1377,0.4609481,0.6864277,0.6761967,0.8045594
1378,0.45718673,0.67899287,0.66918796,0.7973457
1379,0.46503693,0.6917922,0.6785821,0.81216204
1380,0.45679042,0.681273,0.6637096,0.79701644
1381,0.45688042,0.6856,0.66447145,0.8069213
1382,0.4593948,0.6865582,0.66875947,0.8076207
1383,0.45584714,0.6824034,0.6654645,0.80371547
1384,0.45372763,0.6777572,0.6650178,0.7991346
1385,0.44336584,0.66565025,0.6541805,0.7870005
1386,0.44040334,0.6605208,0.6485919,0.78034186
1387,0.452297,0.67774504,0.66628397,0.80147916
1388,0.45266822,0.6769867,0.66286206,0.79856104
1389,0.45415246,0.67977023,0.66451854,0.80017406
1390,0.46856314,0.7009445,0.68635505,0.82654965
1391,0.47411203,0.70933807,0.6974853,0.8381118
1392,0.49087918,0.7342186,0.722039,0.86816025
1393,0.5137117,0.7672999,0.75329703,0.90446746
1394,0.56198436,0.83806527,0.82429945,0.98723716
1395,0.60276896,0.895304,0.8852298,1.0505233
1396,0.54274744,0.82499826,0.8852298,0.96615225
1397,0.5210375,0.8086503,0.8852298,0.95355725
1398,0.491014,0.78430504,0.8852298,0.9293336
1399,0.50628084,0.8115631,0.8852298,0.9574518
1400,0.5000228,0.8007023,0.8778483,0.9459876
1401,0.5079727,0.81327546,0.89104134,0.96020466
1402,0.5054889,0.8092978,0.8822034,0.95068073
1403,0.521586,0.83501196,0.90702444,0.97742844
1404,0.5286225,0.84648675,0.91657615,0.98778075
1405,0.5381961,0.8604503,0.93628496,1.008433
1406,0.54207724,0.8664912,0.9426423,1.0146117
1407,0.5388094,0.8627982,0.93722904,1.0103714
1408,0.5516313,0.885896,0.9567484,1.0371794
1409,0.5699986,0.90784013,0.982868,1.0618186
1410,0.5544348,0.88840026,0.9578907,1.0381943
1411,0.5667597,0.89345354,0.9713291,1.0418524
1412,0.5844653,0.90956956,0.99336654,1.0554898
1413,0.5691381,0.8952656,0.9649459,1.0409019
1414,0.5806412,0.9081176,0.9826009,1.0549006
1415,0.59116316,0.93581915,0.99663454,1.0760508
1416,0.5927494,0.9428412,0.99794644,1.077068
1417,0.6079327,0.969829,1.0287762,1.1069633
1418,0.60912776,0.9645371,1.031157,1.1077211
1419,0.6229732,0.9872728,1.0567675,1.1363254
1420,0.6214552,0.9873927,1.0549763,1.1388738
1421,0.6245185,0.9953159,1.0605263,1.1494936
1422,0.6076562,0.96670437,1.0257804,1.113279
1423,0.582604,0.9369379,0.9957057,1.0802649
1424,0.57642794,0.91044444,1.0032859,1.0537767
1425,0.5759879,0.92785907,1.0019469,1.0764462
1426,0.58443826,0.94558865,1.0028421,1.0944971
1427,0.5868204,0.94968307,1.0063413,1.0990136
1428,0.56662595,0.91589564,0.9747627,1.0646108
1429,0.5725624,0.9249096,0.99223065,1.0836569
1430,0.5683963,0.91892874,0.9869673,1.0781822
1431,0.57572806,0.9325787,0.9974396,1.0926023
1432,0.58468264,0.94319236,1.0095875,1.1018728
1433,0.5939352,0.95751226,1.0261286,1.1176034
1434,0.6095914,0.9837674,1.0542766,1.1480176
1435,0.6140361,0.992919,1.0650156,1.1601157
1436,0.6114046,0.98241067,1.0652374,1.1507657
1437,0.62475204,1.0038607,1.0867354,1.1746346
1438,0.6278426,1.0141219,1.0927635,1.1893989
1439,0.62659025,1.010641,1.095485,1.1883879
1440,0.6271615,1.0121697,1.097801,1.1895281
1441,0.63907117,1.0278575,1.1164739,1.2096219
1442,0.6497046,1.038726,1.1353385,1.2205967
1443,0.63830274,1.0163804,1.11138,1.1946942
1444,0.63074636,1.0100679,1.1006273,1.1875954
1445,0.6027983,0.96929604,1.0717996,1.1476302
1446,0.6031786,0.9725199,1.0740674,1.1482526
1447,0.6068686,0.9735755,1.0711962,1.1469584
1448,0.62069553,0.9844093,1.0887026,1.1556997
1449,0.5835602,0.9308848,1.025572,1.0942479
1450,0.5852988,0.9337255,1.0282263,1.0989659
1451,0.5698717,0.90845716,0.99964374,1.0690569
1452,0.58000207,0.9265626,1.0151135,1.0878588
1453,0.5865593,0.9371291,1.02475,1.099857
1454,0.5752047,0.92150044,1.007656,1.08458
1455,0.5602766,0.89989215,0.9826849,1.0630046
1456,0.56009555,0.8995636,0.97686076,1.059786
1457,0.53175104,0.8537717,0.93107224,1.006666
1458,0.5221258,0.83583385,0.92319727,0.99396735
1459,0.54479766,0.8601246,0.95298254,1.0222511
1460,0.54633206,0.8667761,0.9553728,1.0254706
1461,0.55130684,0.8703411,0.96206677,1.0295459
1462,0.5306152,0.83677894,0.9286266,0.99265873
1463,0.52837217,0.8308714,0.92867595,0.9894986
1464,0.55723375,0.8780756,0.97965324,1.0449578
1465,0.55537975,0.8775265,0.97507113,1.0431395
1466,0.56251234,0.8878393,0.98512113,1.0518568
1467,0.5599901,0.88379234,0.98254496,1.0479566
1468,0.5682887,0.896643,0.9956343,1.0615968
1469,0.5639507,0.893472,0.98968756,1.0567032
1470,0.5582567,0.882408,0.9762596,1.0406152
1471,0.55134755,0.8746906,0.96547544,1.0330251
1472,0.55668634,0.8822855,0.976383,1.040846
1473,0.54699135,0.8709194,0.9676186,1.0338383
1474,0.5522652,0.88443047,0.96775883,1.047847
1475,0.56456137,0.90517944,0.98724943,1.0704719
1476,0.5696643,0.9164016,0.9955317,1.081404
1477,0.5800368,0.93320495,1.0134193,1.1000886
1478,0.58048767,0.9348695,1.0122908,1.0975513
1479,0.5882367,0.9464806,1.0248301,1.1099182
1480,0.5827005,0.93974674,1.01444,1.0997047
1481,0.57665426,0.9339933,1.0034567,1.0949028
1482,0.5855223,0.950128,1.0191377,1.1121199
1483,0.56632304,0.92334634,0.98497087,1.0813828
1484,0.57474005,0.93939936,0.99595284,1.097071
1485,0.5849205,0.9489463,1.0149256,1.1087899
1486,0.5850114,0.9528577,1.0150375,1.1126337
1487,0.58727115,0.95622945,1.0180686,1.1151745
1488,0.5863949,0.95176566,1.0169085,1.1099781
1489,0.59231204,0.96115077,1.0259608,1.1200705
1490,0.58837926,0.95756584,1.0221648,1.1200134
1491,0.56466454,0.9272991,0.9825391,1.0861517
1492,0.5647661,0.9257222,0.9793385,1.0848148
1493,0.57817376,0.93442386,1.0149649,1.1007129
1494,0.5835823,0.9400681,1.018275,1.1048409
1495,0.593253,0.9570259,1.0317247,1.1199855
1496,0.5890436,0.9473199,1.0259982,1.1114498
1497,0.5900165,0.94879276,1.0238849,1.1112865
1498,0.59224534,0.9530852,1.02839,1.1171143
1499,0.59750515,0.96181345,1.0384684,1.1271044
1500,0.5866463,0.9489913,1.0248125,1.1165651
1501,0.5962098,0.9616979,1.0397785,1.1301436
1502,0.5967836,0.9663559,1.0408968,1.1321378
1503,0.60179025,0.97316045,1.0537752,1.1408762
1504,0.60144776,0.9688961,1.0563946,1.141012
1505,0.5996328,0.96555614,1.050481,1.1407952
1506,0.5822462,0.9444325,1.0268878,1.1228049
1507,0.568583,0.9286332,1.0001684,1.105622
1508,0.56286865,0.9216266,0.98869437,1.1034082
1509,0.5649215,0.93165886,0.990761,1.1112617
1510,0.55888474,0.9199472,0.98644924,1.1026618
1511,0.5495562,0.9077028,0.97095954,1.0837282
1512,0.54024935,0.8923172,0.95581526,1.0654827
1513,0.5466975,0.89979136,0.9715411,1.0779185
1514,0.54631704,0.90046734,0.97224224,1.0792989
1515,0.53852457,0.89415383,0.96171296,1.0766557
1516,0.49139443,0.8157756,0.876832,0.9837185
1517,0.47639307,0.8031721,0.83974445,0.9671404
1518,0.49435887,0.827256,0.8663272,0.99330866
1519,0.5078703,0.8540102,0.8849758,1.0234638
1520,0.5168857,0.8684231,0.8988699,1.0384121
1521,0.5281177,0.8892826,0.9175025,1.0632669
1522,0.5298153,0.890235,0.9202906,1.0662818
1523,0.5184782,0.8699097,0.89917535,1.0404526
1524,0.5240824,0.878716,0.90932494,1.0515968
1525,0.52369124,0.8763917,0.91021526,1.0504978
1526,0.534608,0.8955184,0.9326526,1.0757362
1527,0.53431654,0.89748806,0.92873055,1.0778621
1528,0.53868914,0.9076418,0.9432897,1.0942328
1529,0.5326272,0.90095574,0.9324319,1.0871791
1530,0.53590673,0.9054454,0.9397475,1.0950954
1531,0.52943534,0.894299,0.9269042,1.0809197
1532,0.5353128,0.90594745,0.93652636,1.0947435
1533,0.5427542,0.9181723,0.95568633,1.1135815
1534,0.5587291,0.9475982,0.9837296,1.1508768
1535,0.5644571,0.9571955,0.9908346,1.161166
1536,0.5723762,0.9675315,1.0041354,1.1742891
1537,0.5660908,0.95797104,0.99201214,1.1608076
1538,0.5711894,0.96682924,0.99845976,1.1700557
1539,0.57241434,0.9684805,0.9971615,1.1699206
1540,0.580678,0.9745088,1.002759,1.1715084
1541,0.5821838,0.9707075,1.0035924,1.1648561
1542,0.57786,0.9735923,0.98588693,1.1667736
1543,0.5862127,0.9881475,0.9976812,1.1828458
1544,0.59162927,0.98811966,1.0055187,1.1790595
1545,0.5853898,0.9892633,0.992507,1.1792787
1546,0.58134556,0.9846284,0.9866751,1.1752397
1547,0.5706308,0.9719081,0.9729695,1.1600374
1548,0.5737855,0.9802152,0.97526276,1.1695813
1549,0.57422656,0.98329675,0.98079115,1.1777611
1550,0.57179576,0.9820487,0.97703177,1.178903
1551,0.57840693,0.9966174,0.9870966,1.1968888
1552,0.56590545,0.9782693,0.97555447,1.1783825
1553,0.57395273,0.99007994,0.9859109,1.1922902
1554,0.5784589,0.9992998,0.9932719,1.2052015
1555,0.57723093,0.99610883,0.9892142,1.2003405
1556,0.575705,0.9935001,0.9831588,1.1980425
1557,0.5853144,1.0075877,0.9995973,1.2173187
1558,0.57852656,1.0040904,0.98928195,1.212145
1559,0.57895684,1.0050166,0.9934824,1.2153443
1560,0.5819615,1.0076876,0.99218136,1.2114811
1561,0.5710163,0.9860676,0.9597036,1.1814424
1562,0.5743703,0.9923447,0.962702,1.185833
1563,0.5735794,0.98899513,0.96161175,1.1804681
1564,0.5719088,0.98294544,0.96090627,1.1737016
1565,0.5599778,0.9574025,0.9457915,1.1470724
1566,0.56251216,0.9506534,0.9482204,1.1400834
1567,0.5714241,0.9665362,0.9572461,1.1561474
1568,0.57948947,0.98352015,0.9716086,1.1743155
1569,0.57878965,0.98621774,0.97367966,1.1790164
1570,0.5767467,0.98496395,0.9701969,1.1744435
1571,0.5812411,0.99117965,0.9769324,1.1813623
1572,0.5918646,1.0076528,0.99103236,1.1958134
1573,0.5946225,1.0156041,0.9998716,1.2073332
1574,0.59078515,1.0091509,0.99785256,1.2010334
1575,0.58721274,1.0110004,0.9923945,1.2044089
1576,0.5797299,1.0000819,0.98004335,1.1931269
1577,0.58357495,1.0109746,0.98691773,1.201511
1578,0.58682746,1.0207992,0.99438566,1.213139
1579,0.5833692,1.0194777,0.9891826,1.2113881
1580,0.5828603,1.0191082,0.98946404,1.2109315
1581,0.58702314,1.0236192,0.9977244,1.2176923
1582,0.5894924,1.029339,1.0037943,1.2262735
1583,0.58333987,1.0200317,0.9951754,1.2178135
1584,0.5855872,1.0246136,1.0037134,1.2257354
1585,0.5896393,1.0343626,1.007842,1.2356826
1586,0.5878886,1.033208,1.0040835,1.2338938
1587,0.59603333,1.0479673,1.0221884,1.2540984
1588,0.5971953,1.0540094,1.0274309,1.2623397
1589,0.58761734,1.0377402,1.010195,1.2439413
1590,0.59360284,1.0478338,1.0200115,1.2554592
1591,0.58965176,1.0474336,1.0151521,1.2584908
1592,0.592946,1.0587176,1.0213202,1.2753204
1593,0.58969295,1.055528,1.0131303,1.2706496
1594,0.5817069,1.0450709,1.0042886,1.2608227
1595,0.5743467,1.0310643,0.9881897,1.2429577
1596,0.5738258,1.0309618,0.98966444,1.2451406
1597,0.5807974,1.0414197,1.0014247,1.2583511
1598,0.5846112,1.0488495,1.0070662,1.2650009
1599,0.5867222,1.054762,1.0099732,1.2718092
1600,0.5861503,1.0525563,1.0086187,1.270042
1601,0.5873321,1.0588324,1.0137441,1.2790695
1602,0.59525144,1.0760252,1.0285395,1.3021456
1603,0.59482145,1.0738026,1.0256125,1.2974339
1604,0.5976598,1.0832607,1.0332475,1.3094702
1605,0.5885534,1.0648842,1.0209246,1.2862569
1606,0.593503,1.0789882,1.0326858,1.3008529
1607,0.59947354,1.0907587,1.0358766,1.3087115
1608,0.60470307,1.0997993,1.0404831,1.3155891
1609,0.6111372,1.1108598,1.0465369,1.3287824
1610,0.61396044,1.1135712,1.0541481,1.3364075
1611,0.61289984,1.1116729,1.051784,1.3321948
1612,0.61540776,1.1157045,1.0552903,1.3364242
1613,0.6159137,1.1186124,1.0574454,1.3412409
1614,0.597875,1.0827785,1.0188099,1.2912326
1615,0.60033154,1.0855228,1.0240829,1.2956713
1616,0.6013037,1.0829569,1.0317929,1.2920662
1617,0.60538495,1.0950356,1.0499216,1.31611
1618,0.5963024,1.0849694,1.0408505,1.3164123
1619,0.58068436,1.0595661,1.0118793,1.2905209
1620,0.57466537,1.0541221,1.0038751,1.293309
1621,0.5879769,1.0764599,1.0255228,1.3166784
1622,0.5959663,1.0890377,1.0417391,1.3405942
1623,0.58841854,1.0766054,1.031441,1.3257846
1624,0.5921261,1.0817467,1.0443784,1.3396779
1625,0.6063355,1.104691,1.0698779,1.3664303
1626,0.6128301,1.1105297,1.0796305,1.3748283
1627,0.6152299,1.1139174,1.0805819,1.3741456
1628,0.6220108,1.1249615,1.0879796,1.3871942
1629,0.6217728,1.1307042,1.0892336,1.3916928
1630,0.6153521,1.1177409,1.0755923,1.3796315
1631,0.61052,1.1199805,1.0721676,1.3836387
1632,0.6082142,1.1226791,1.0737108,1.3858178
1633,0.59449816,1.102202,1.0515522,1.3572575
1634,0.6028997,1.1169956,1.0716197,1.3771063
1635,0.5996186,1.1123098,1.0689634,1.371265
1636,0.59130174,1.0973276,1.0531956,1.3558667
1637,0.5988916,1.1111044,1.0674692,1.3714278
1638,0.59909534,1.1132373,1.0637171,1.3711114
1639,0.5978475,1.118901,1.0633652,1.3764727
1640,0.5938687,1.1116788,1.0618124,1.374686
1641,0.5939903,1.1088752,1.0582691,1.3696529
1642,0.5833735,1.0932938,1.0373197,1.3488919
1643,0.59283066,1.1152261,1.0543836,1.3744044
1644,0.58756185,1.1011736,1.0391762,1.3549674
1645,0.574526,1.0712556,1.0152303,1.322685
1646,0.5857299,1.0860633,1.036876,1.3467977
1647,0.5976424,1.1118456,1.0606309,1.3804301
1648,0.5994481,1.1119817,1.0669554,1.3858573
1649,0.5980734,1.1125027,1.0679966,1.3844808
1650,0.599315,1.1121192,1.0676861,1.3871555
1651,0.6063575,1.1218599,1.0744879,1.3945267
1652,0.60853904,1.125225,1.0736877,1.3947284
1653,0.61494637,1.1331023,1.0806805,1.4007738
1654,0.6061235,1.1169384,1.0648584,1.3819455
1655,0.6130919,1.1254306,1.079507,1.3953918
1656,0.62445706,1.1406599,1.0974294,1.4188379
1657,0.6237218,1.136146,1.099388,1.4215517
1658,0.6298724,1.1508871,1.1077155,1.4332248
1659,0.62882805,1.1598179,1.110539,1.4394385
1660,0.6235873,1.1568266,1.1011376,1.4344509
1661,0.6238421,1.1574556,1.1067013,1.4441081
1662,0.6212135,1.1626257,1.1009979,1.4488431
1663,0.619919,1.1639825,1.1052191,1.450876
1664,0.6294247,1.180416,1.1228396,1.4742252
1665,0.63736534,1.1839383,1.1497433,1.4908152
1666,0.6284731,1.1872792,1.1457645,1.5002332
1667,0.62482446,1.1740068,1.1391431,1.4817718
1668,0.61352104,1.1705062,1.1150006,1.4873574
1669,0.61035097,1.1634449,1.1055864,1.4727905
1670,0.5925129,1.1305317,1.0733769,1.4336401
1671,0.5976959,1.1408823,1.0806044,1.442743
1672,0.61120564,1.1703779,1.1090195,1.4730502
1673,0.60904324,1.1736933,1.0995554,1.4703974
1674,0.60925394,1.1741763,1.1015761,1.4740219
1675,0.6257356,1.2032773,1.1235675,1.5025495
1676,0.6271083,1.2070414,1.1317401,1.5140026
1677,0.627976,1.2068623,1.1359115,1.5158073
1678,0.62259364,1.1959358,1.13563,1.5099969
1679,0.61435884,1.1777277,1.1174791,1.484156
1680,0.6277661,1.1994767,1.1416731,1.5082219
1681,0.6394986,1.2213808,1.1618946,1.5295447
1682,0.63641226,1.2158377,1.1566844,1.5222894
1683,0.633132,1.2158525,1.1459972,1.5199478
1684,0.6129155,1.1803837,1.1146337,1.4764102
1685,0.60675704,1.1784089,1.106915,1.4720945
1686,0.6139145,1.1827015,1.1190183,1.476941
1687,0.59745854,1.1566999,1.1027106,1.455669
1688,0.5945844,1.1648849,1.0954572,1.4650393
1689,0.596614,1.1598365,1.0951828,1.4593198
1690,0.604865,1.1799752,1.1139553,1.488452
1691,0.6079507,1.1837561,1.1156411,1.4893012
1692,0.60382015,1.1767944,1.1092082,1.4828311
1693,0.6155522,1.1973085,1.1300471,1.508357
1694,0.6225168,1.2082022,1.1503906,1.528985
1695,0.626078,1.2163229,1.1596633,1.5421642
1696,0.6254303,1.2130677,1.1561834,1.5403982
1697,0.62240887,1.2059808,1.1496907,1.5351433
1698,0.61827475,1.1989275,1.1432602,1.5301436
