因子,期限,天数,IC均值,IC标准差,ICIR,年化ICIR
TREND_V22,fwd1,1405,0.0017787696167374108,0.12246952691061955,0.01452418133398677,0.22687496511315927
TREND_V22,fwd5,1353,0.02236210894472557,0.11853805076292635,0.1886492042074264,2.9467947720422005
TREND_V22,fwd10,1290,0.02833813139125424,0.11422913830470688,0.2480814598781452,3.875156283223466
TREND_V3,fwd1,1405,-0.057205552356799916,0.12442881233100771,-0.45974522528287665,-7.181449993530438
TREND_V3,fwd5,1353,-0.06860827100355629,0.115669842029609,-0.5931387974576299,-9.265124201222232
TREND_V3,fwd10,1290,-0.06905744774224018,0.1077572456399164,-0.6408612927338903,-10.010573407751972
SHAPE_V3,fwd1,1405,0.04168551453528345,0.10886554330833467,0.38290824873045054,5.981218051097971
SHAPE_V3,fwd5,1353,0.026410438514100926,0.09843935530431219,0.2682914616055394,4.190846602106373
SHAPE_V3,fwd10,1290,0.018518761524130928,0.09351097477748761,0.19803837536927532,3.0934583140899257
KEY_V3,fwd1,1405,0.10201574614608014,0.16173724392876007,0.6307498734862498,9.85262798994829
KEY_V3,fwd5,1353,0.1233289945217352,0.1461284242684811,0.8439767631733535,13.183338482094861
KEY_V3,fwd10,1290,0.12997276213071005,0.14657463877684404,0.8867343164910684,13.85123281597935
SL_SCORE,fwd1,1405,0.07860371712465213,0.14534112826344375,0.5408222577037924,8.4479137259083
SL_SCORE,fwd5,1353,0.09295091147298759,0.13521555607694719,0.6874276464173394,10.737963105280599
SL_SCORE,fwd10,1290,0.10221970206306163,0.1342021594828553,0.7616844800185237,11.897891926415607
TOTAL_FINAL,fwd1,1405,0.07316652202042391,0.1308873038060174,0.5590039667167486,8.731921099760038
TOTAL_FINAL,fwd5,1353,0.09062691909795875,0.11797079886220371,0.7682148461486296,11.999899506318028
TOTAL_FINAL,fwd10,1290,0.09453001791983644,0.11413776583172328,0.828209814963479,12.937050877802443
TOTAL_V3,fwd1,1405,0.07636293798896508,0.13342140451388634,0.5723439823406844,8.940298805166908
TOTAL_V3,fwd5,1353,0.08131898490334215,0.11925146509574963,0.681911830920059,10.651803312880608
TOTAL_V3,fwd10,1290,0.08277691180683251,0.12046789744901133,0.687128384903275,10.733288490994132
