因子,持有,分位,年份,年收益,年内回撤
手工总分,1,Q1,2020,-0.7434981,-0.7725000977516174
手工总分,1,Q2,2020,-0.37887388,-0.3972768187522888
手工总分,1,Q3,2020,-0.32466137,-0.36182457208633423
手工总分,1,Q4,2020,-0.17429072,-0.2709360718727112
手工总分,1,Q5,2020,-0.35386616,-0.40035027265548706
手工总分,1,多空Q5-Q1,2020,1.39011,-0.2173919677734375
手工总分,1,Q1,2021,-0.6178013,-0.9122490286827087
手工总分,1,Q2,2021,-0.31076473,-0.5802617073059082
手工总分,1,Q3,2021,-0.20327413,-0.498934805393219
手工总分,1,Q4,2021,-0.038514137,-0.27602750062942505
手工总分,1,Q5,2021,-0.10615146,-0.47464579343795776
手工总分,1,多空Q5-Q1,2021,1.2529097,-0.08126842975616455
手工总分,1,Q1,2022,-0.8452291,-0.9864290356636047
手工总分,1,Q2,2022,-0.6323609,-0.8445097804069519
手工总分,1,Q3,2022,-0.3954425,-0.696792721748352
手工总分,1,Q4,2022,-0.32639807,-0.5115997791290283
手工总分,1,Q5,2022,-0.47140938,-0.7020969390869141
手工总分,1,多空Q5-Q1,2022,2.3192148,-0.06608593463897705
手工总分,1,Q1,2023,-0.797384,-0.997244656085968
手工总分,1,Q2,2023,-0.5128046,-0.9248744249343872
手工总分,1,Q3,2023,-0.39950073,-0.8139704465866089
手工总分,1,Q4,2023,-0.26641834,-0.6275485754013062
手工总分,1,Q5,2023,-0.2781204,-0.7967672348022461
手工总分,1,多空Q5-Q1,2023,2.4006975,-0.12014591693878174
手工总分,1,Q1,2024,-0.88416076,-0.9996771216392517
手工总分,1,Q2,2024,-0.6790116,-0.9755674004554749
手工总分,1,Q3,2024,-0.5484446,-0.9149764776229858
手工总分,1,Q4,2024,-0.46463948,-0.8135280013084412
手工总分,1,Q5,2024,-0.40990126,-0.8948091268539429
手工总分,1,多空Q5-Q1,2024,3.9293704,-0.09820133447647095
手工总分,1,Q1,2025,-0.7960991,-0.9999353289604187
手工总分,1,Q2,2025,-0.44742358,-0.9867537021636963
手工总分,1,Q3,2025,-0.056844592,-0.9274996519088745
手工总分,1,Q4,2025,-0.12413496,-0.8304401636123657
手工总分,1,Q5,2025,-0.12886202,-0.9005401134490967
手工总分,1,多空Q5-Q1,2025,3.108964,-0.12359315156936646
手工总分,3,Q1,2020,-0.48360902,-0.5290484428405762
手工总分,3,Q2,2020,-0.21818793,-0.2934696674346924
手工总分,3,Q3,2020,-0.20626998,-0.2735286355018616
手工总分,3,Q4,2020,-0.04382491,-0.2031838297843933
手工总分,3,Q5,2020,-0.18375331,-0.23515570163726807
手工总分,3,多空Q5-Q1,2020,0.53464556,-0.17517709732055664
手工总分,3,Q1,2021,-0.37755048,-0.7112865447998047
手工总分,3,Q2,2021,-0.11714691,-0.37601155042648315
手工总分,3,Q3,2021,-0.019713104,-0.321477472782135
手工总分,3,Q4,2021,0.107813835,-0.15283489227294922
手工总分,3,Q5,2021,-0.043579638,-0.3193929195404053
手工总分,3,多空Q5-Q1,2021,0.49478626,-0.09247249364852905
手工总分,3,Q1,2022,-0.717033,-0.9154461622238159
手工总分,3,Q2,2022,-0.46383774,-0.637618362903595
手工总分,3,Q3,2022,-0.2987355,-0.49715107679367065
手工总分,3,Q4,2022,-0.2103774,-0.3652763366699219
手工总分,3,Q5,2022,-0.3223896,-0.5037951469421387
手工总分,3,多空Q5-Q1,2022,1.3545873,-0.04294103384017944
手工总分,3,Q1,2023,-0.67227066,-0.9721899628639221
手工总分,3,Q2,2023,-0.3550713,-0.76971435546875
手工总分,3,Q3,2023,-0.16384053,-0.5729973912239075
手工总分,3,Q4,2023,-0.23367006,-0.47193199396133423
手工总分,3,Q5,2023,-0.16544735,-0.6074949502944946
手工总分,3,多空Q5-Q1,2023,1.4711244,-0.11777979135513306
手工总分,3,Q1,2024,-0.7618222,-0.9933028817176819
手工总分,3,Q2,2024,-0.54386747,-0.8965653777122498
手工总分,3,Q3,2024,-0.36915052,-0.756845235824585
手工总分,3,Q4,2024,-0.3317129,-0.6956877112388611
手工总分,3,Q5,2024,-0.3072365,-0.7685673236846924
手工总分,3,多空Q5-Q1,2024,1.8648922,-0.04885697364807129
手工总分,3,Q1,2025,-0.6356572,-0.9976040720939636
手工总分,3,Q2,2025,-0.20170319,-0.9178134799003601
手工总分,3,Q3,2025,0.015063286,-0.7504822611808777
手工总分,3,Q4,2025,0.09727299,-0.6801238059997559
手工总分,3,Q5,2025,0.011489749,-0.7534838318824768
手工总分,3,多空Q5-Q1,2025,1.7097266,-0.050987839698791504
ML分,1,Q1,2022,-0.9561135,-0.9565759301185608
ML分,1,Q2,2022,-0.54012287,-0.542492151260376
ML分,1,Q3,2022,-0.3399626,-0.3713815212249756
ML分,1,Q4,2022,-0.16103852,-0.24931734800338745
ML分,1,Q5,2022,0.0047450066,-0.2236080765724182
ML分,1,多空Q5-Q1,2022,20.40132,-0.033904433250427246
ML分,1,Q1,2023,-0.9266794,-0.9967821836471558
ML分,1,Q2,2023,-0.5329647,-0.7900556921958923
ML分,1,Q3,2023,-0.232732,-0.5247527360916138
ML分,1,Q4,2023,0.02524972,-0.17253541946411133
ML分,1,Q5,2023,0.13275433,-0.15294671058654785
ML分,1,多空Q5-Q1,2023,13.270442,-0.060282766819000244
ML分,1,Q1,2024,-0.9727225,-0.9999122023582458
ML分,1,Q2,2024,-0.5900391,-0.9121249318122864
ML分,1,Q3,2024,-0.3423885,-0.712099552154541
ML分,1,Q4,2024,-0.059008956,-0.40678340196609497
ML分,1,Q5,2024,-0.2577049,-0.40317302942276
ML分,1,多空Q5-Q1,2024,23.98525,-0.041810810565948486
ML分,1,Q1,2025,-0.9342174,-0.9999942779541016
ML分,1,Q2,2025,-0.45587242,-0.953305721282959
ML分,1,Q3,2025,0.004706502,-0.7052284479141235
ML分,1,Q4,2025,0.3651619,-0.2446666955947876
ML分,1,Q5,2025,0.6049894,-0.3356371521949768
ML分,1,多空Q5-Q1,2025,21.399233,-0.03211754560470581
ML分,3,Q1,2022,-0.84270227,-0.8453189134597778
ML分,3,Q2,2022,-0.39599258,-0.39853549003601074
ML分,3,Q3,2022,-0.29917425,-0.3202376961708069
ML分,3,Q4,2022,-0.13407642,-0.2480037808418274
ML分,3,Q5,2022,-0.10582298,-0.22941064834594727
ML分,3,多空Q5-Q1,2022,4.5086603,-0.03787893056869507
ML分,3,Q1,2023,-0.78491396,-0.9661674499511719
ML分,3,Q2,2023,-0.3466364,-0.6190189123153687
ML分,3,Q3,2023,-0.21709073,-0.4729102849960327
ML分,3,Q4,2023,-0.011908829,-0.17923736572265625
ML分,3,Q5,2023,0.03080678,-0.24060660600662231
ML分,3,多空Q5-Q1,2023,3.5801263,-0.06275516748428345
ML分,3,Q1,2024,-0.89029884,-0.996288537979126
ML分,3,Q2,2024,-0.49856102,-0.819496750831604
ML分,3,Q3,2024,-0.24409032,-0.6622622013092041
ML分,3,Q4,2024,-0.07798231,-0.40377044677734375
ML分,3,Q5,2024,-0.18949479,-0.4553655982017517
ML分,3,多空Q5-Q1,2024,6.0847025,-0.05496770143508911
ML分,3,Q1,2025,-0.7940004,-0.9992391467094421
ML分,3,Q2,2025,-0.22002596,-0.8518494963645935
ML分,3,Q3,2025,0.02507329,-0.6306098699569702
ML分,3,Q4,2025,0.30608392,-0.2605975866317749
ML分,3,Q5,2025,0.49878478,-0.33946317434310913
ML分,3,多空Q5-Q1,2025,5.929112,-0.040760934352874756
