期限,分项,平均斜率,t值,斜率>0占比
fwd1,TREND_V22,-2.378289351624302e-05,-2.6741702897865607,0.44798890429958393
fwd1,SHAPE_V3,5.3862268904230494e-05,3.6493912931410426,0.5589459084604715
fwd1,KEY_V3,0.00030773476644580574,12.857195830300983,0.6407766990291263
fwd1,SL_SCORE,-0.0001425958278508002,-4.439719630081497,0.4563106796116505
fwd1(剔崩溃),TREND_V22,-2.5075344432948772e-05,-2.871348632941321,0.4468390804597701
fwd1(剔崩溃),SHAPE_V3,5.737860164658747e-05,3.8406577473540047,0.5603448275862069
fwd1(剔崩溃),KEY_V3,0.0002933608192619877,12.352016494152,0.6386494252873564
fwd1(剔崩溃),SL_SCORE,-0.000133659938621138,-4.190270845920276,0.45977011494252873
fwd5,TREND_V22,4.9639302177696795e-05,2.6819089219897223,0.5546762589928057
fwd5,SHAPE_V3,2.1468635103767986e-05,0.7087937540139924,0.5079136690647482
fwd5,KEY_V3,0.0009206439955362911,19.593077431931725,0.7115107913669064
fwd5,SL_SCORE,-0.0003113947156203854,-4.7649130269731135,0.44244604316546765
fwd5(剔崩溃),TREND_V22,4.989148291546932e-05,2.693582055175867,0.5519287833827893
fwd5(剔崩溃),SHAPE_V3,2.724801775613492e-05,0.8884812041556371,0.5111275964391692
fwd5(剔崩溃),KEY_V3,0.0008876507312172075,19.503038763717836,0.712166172106825
fwd5(剔崩溃),SL_SCORE,-0.00029187016691440966,-4.449893458461116,0.4443620178041543
fwd10,TREND_V22,0.00013578417609928756,5.813429201008594,0.6
fwd10,SHAPE_V3,-7.8121602495342e-05,-1.9115416885550693,0.4716981132075472
fwd10,KEY_V3,0.001164057592784435,18.10122276294206,0.7147169811320755
fwd10,SL_SCORE,-0.00023987257478133927,-2.5111002964991638,0.47547169811320755
fwd10(剔崩溃),TREND_V22,0.0001388074608933789,5.866431258385118,0.5973622963537626
fwd10(剔崩溃),SHAPE_V3,-8.102049432089183e-05,-1.946761668196617,0.4716834755624515
fwd10(剔崩溃),KEY_V3,0.0011215559855141848,17.724322824407263,0.7121799844840963
fwd10(剔崩溃),SL_SCORE,-0.00015389303385661646,-1.726634385024783,0.48021722265321953
