期限,变量,回归天数,平均斜率,t值,斜率>0占比
fwd1,const,1442,0.0005257032929411356,1.124130012490124,0.5312066574202496
fwd1,TOTAL,1442,-1.6519174910941158e-05,-3.32334292626955,0.45561719833564496
fwd1,TOTAL IC(pearson),1442,-0.007331162087553402,-3.16247089173969,0.45561719833564496
fwd1,TOTAL RankIC(spearman),1442,-0.008634693076051204,-3.469647561900654,0.441747572815534
fwd1,const,1442,-0.0003701779201112075,-0.8735091874865212,0.5083217753120666
fwd1,TREND_SCORE,1442,-2.7401382824640377e-05,-4.291266420308215,0.4486823855755895
fwd1,SHAPE_SCORE,1442,6.5673504221497435e-06,1.0972317393507331,0.507628294036061
fwd1,KEY_SCORE,1442,-6.9393431083183394e-06,-1.5423869764616516,0.5124826629680999
fwd1,SL_SCORE,1442,9.006905830886271e-05,4.91515737080763,0.5617198335644937
fwd2,const,1429,0.0009481906755087609,1.4649536134124372,0.5325402379286214
fwd2,TOTAL,1429,-2.8166117432186077e-05,-4.3615473686033015,0.44926522043386985
fwd2,TOTAL IC(pearson),1429,-0.007801600608561318,-3.533724383926757,0.44926522043386985
fwd2,TOTAL RankIC(spearman),1429,-0.00501855502114353,-2.116927543871467,0.45836249125262424
fwd2,const,1429,-0.0005029883328256187,-0.8470759542931827,0.510146955913226
fwd2,TREND_SCORE,1429,-4.584644539535598e-05,-5.219790749150876,0.43946815955213436
fwd2,SHAPE_SCORE,1429,7.303018744493658e-06,0.829385774259423,0.529741077676697
fwd2,KEY_SCORE,1429,-2.1907275646055137e-05,-3.492273898734709,0.47585724282715186
fwd2,SL_SCORE,1429,0.00015311981456077735,6.392305698501078,0.5885234429671099
fwd3,const,1416,0.00126059530066914,1.5832454507176867,0.538135593220339
fwd3,TOTAL,1416,-3.465549835222317e-05,-4.589418200733463,0.4505649717514124
fwd3,TOTAL IC(pearson),1416,-0.007404959848436696,-3.4206093993103956,0.4505649717514124
fwd3,TOTAL RankIC(spearman),1416,-0.0033881323313459666,-1.4503888237483777,0.4781073446327684
fwd3,const,1416,-0.0005322592837502664,-0.7253302566384985,0.5098870056497176
fwd3,TREND_SCORE,1416,-5.6954905400883455e-05,-5.575336443797325,0.4442090395480226
fwd3,SHAPE_SCORE,1416,6.846178784024854e-06,0.6287491469203398,0.5169491525423728
fwd3,KEY_SCORE,1416,-3.409107294027346e-05,-4.365434126903316,0.461864406779661
fwd3,SL_SCORE,1416,0.00019912406481051732,6.859219351057869,0.596045197740113
fwd5,const,1390,0.0020943064666747746,2.054089565577822,0.5273381294964029
fwd5,TOTAL,1390,-5.1350623666006176e-05,-5.32286719802912,0.4503597122302158
fwd5,TOTAL IC(pearson),1390,-0.008294842358544514,-3.831471797989729,0.4503597122302158
fwd5,TOTAL RankIC(spearman),1390,-0.002726382680661405,-1.165853651960069,0.4712230215827338
fwd5,const,1390,-0.0005420490717678287,-0.5814532474233414,0.5071942446043165
fwd5,TREND_SCORE,1390,-8.639494793139602e-05,-6.755693162928538,0.4366906474820144
fwd5,SHAPE_SCORE,1390,1.9385384726558677e-06,0.1367638996169864,0.5143884892086331
fwd5,KEY_SCORE,1390,-4.990411933529065e-05,-5.0617856461059,0.4633093525179856
fwd5,SL_SCORE,1390,0.0002917739589567338,8.205769199088266,0.6086330935251798
fwd10,const,1325,0.0026486726383277014,1.9495093052858736,0.5298113207547169
fwd10,TOTAL,1325,-3.754575304532956e-05,-2.849122451175057,0.47924528301886793
fwd10,TOTAL IC(pearson),1325,-0.002134077392151908,-1.0038832211174298,0.47924528301886793
fwd10,TOTAL RankIC(spearman),1325,0.004211998143448717,1.8471297254256813,0.5033962264150943
fwd10,const,1325,-0.0005249373936414412,-0.41019690086808164,0.5026415094339622
fwd10,TREND_SCORE,1325,-8.054432807674574e-05,-4.623194849849519,0.46943396226415096
fwd10,SHAPE_SCORE,1325,1.156087397214611e-05,0.6259267152281808,0.5177358490566037
fwd10,KEY_SCORE,1325,-0.00010365698247599213,-7.684840101726675,0.4226415094339623
fwd10,SL_SCORE,1325,0.0004633188925712554,9.344393070303848,0.6264150943396226
