样本,期限,因子,days,slope,t,ic,ic_t,ric,ric_t
窗口1-8天,fwd1,KEY_V2单独,1442,0.00010640762879984783,8.67534135249645,0.018273060151439622,8.696603413925043,0.04674447609401032,18.857922826560593
窗口1-8天,fwd1,旧KEY单独,1442,3.222093539145679e-05,3.252839482091668,0.0067600431559219284,3.9073594547824633,0.0055616538972961226,2.9881578859726594
窗口1-8天,fwd1,TOTAL_SV3(旧关键位),1442,3.672931907260236e-05,6.001480424723807,0.015238297637722751,6.7218446025243095,0.036288798695474384,15.598045001045426
窗口1-8天,fwd1,TOTAL_SV3K2(新关键位),1442,4.235426465785912e-05,6.5740963792460425,0.018510178349007683,7.320730048523883,0.048544917808779404,18.143523796174577
窗口1-8天,fwd5,KEY_V2单独,1390,0.0002408972965902071,9.238379616227771,0.021438677908549662,10.401154685137262,0.04823969020513714,19.041509669637456
窗口1-8天,fwd5,旧KEY单独,1390,-9.108893155483215e-05,-4.534687805084202,-0.0076948610382590234,-4.3855033177104445,-0.010255343112854,-5.347132775270479
窗口1-8天,fwd5,TOTAL_SV3(旧关键位),1390,0.00012651930011498913,11.301319475336108,0.025938963005068625,12.259829607821386,0.04205598515658578,19.157643130121794
窗口1-8天,fwd5,TOTAL_SV3K2(新关键位),1390,0.00016312249122350865,14.183613277726161,0.03617515082840983,15.58924205725449,0.06315337709375868,25.48324689131703
窗口1-8天,fwd10,KEY_V2单独,1325,0.0002874230958249663,8.10484077921181,0.019799397571232485,9.179963160088967,0.04627866432591385,17.634714464374532
窗口1-8天,fwd10,旧KEY单独,1325,-0.0001873052090569797,-6.725283669077886,-0.012495582251739284,-6.722090782310371,-0.01606046314923966,-7.894107755383793
窗口1-8天,fwd10,TOTAL_SV3(旧关键位),1325,0.00018320387499849673,12.33425134502681,0.028137392805985015,13.54113733055703,0.041059812293559504,18.931416107424052
窗口1-8天,fwd10,TOTAL_SV3K2(新关键位),1325,0.00023620500118393117,15.560080684216299,0.03950365304806561,17.382795452072486,0.06453411113200182,26.375305067290405
窗口-剔除崩溃月,fwd1,KEY_V2单独,1392,0.00010417059532877346,8.769162053623438,0.019029322832397205,9.089628931389548,0.04774855570113219,19.487379745354517
窗口-剔除崩溃月,fwd1,旧KEY单独,1392,3.231539027425499e-05,3.2893421627102413,0.0068909524709455435,3.920506126870034,0.0054147713530666745,2.8661055762950762
窗口-剔除崩溃月,fwd1,TOTAL_SV3(旧关键位),1392,3.6752053173344745e-05,6.055698713209843,0.01528903309540491,6.691117752239654,0.03609181402974005,15.398702925306907
窗口-剔除崩溃月,fwd1,TOTAL_SV3K2(新关键位),1392,4.225069719909898e-05,6.645617379628053,0.018870654951352876,7.411768022806187,0.049053287798318274,18.206722577828604
窗口-剔除崩溃月,fwd5,KEY_V2单独,1348,0.00022838566011110567,9.55934515539617,0.02202701512920188,10.765800655658044,0.04879516348054369,19.532742355357435
窗口-剔除崩溃月,fwd5,旧KEY单独,1348,-8.916716287619069e-05,-4.358761594844133,-0.007740044502753781,-4.319888051494235,-0.010353738835480497,-5.2917588486922975
窗口-剔除崩溃月,fwd5,TOTAL_SV3(旧关键位),1348,0.00012660487774601386,11.173158382864893,0.0258970340555324,12.08115679364198,0.04176973699355875,18.792862095510813
窗口-剔除崩溃月,fwd5,TOTAL_SV3K2(新关键位),1348,0.000162541714197753,14.032275501280592,0.03638772578757891,15.464630542459759,0.0632205257958775,25.201561032679095
窗口-剔除崩溃月,fwd10,KEY_V2单独,1289,0.0002685142356619095,7.981266737238476,0.020121661981737832,9.243142734985607,0.04654230687202016,17.648922769871934
窗口-剔除崩溃月,fwd10,旧KEY单独,1289,-0.00019534276219599373,-6.885057338758596,-0.013109601229777277,-6.920671884658164,-0.01678693574783193,-8.102205605990248
窗口-剔除崩溃月,fwd10,TOTAL_SV3(旧关键位),1289,0.00018273311432652652,12.137697232211494,0.02808589845801218,13.325162358563404,0.04086330742955886,18.57088773640015
窗口-剔除崩溃月,fwd10,TOTAL_SV3K2(新关键位),1289,0.00023513119087909386,15.363293003370728,0.03976930090258164,17.273397190683728,0.06470948158259363,26.116791481998884
场景1-3天,fwd1,KEY_V2单独,1207,0.0001957558935060444,8.340497486252179,0.025254971925775114,8.620678629791808,0.0674329695625125,19.927811058781817
场景1-3天,fwd1,旧KEY单独,1207,0.00012439116371242243,8.60812276802963,0.023223570865332888,9.107811410693303,0.03574969679690711,13.07303399266727
场景1-3天,fwd1,TOTAL_SV3(旧关键位),1207,8.889748822184331e-05,9.63922632439479,0.029845206888549185,10.100576476510497,0.05522876391791643,18.155628045417032
场景1-3天,fwd1,TOTAL_SV3K2(新关键位),1207,8.375174344052948e-05,8.33456358740347,0.027563965533262454,8.584295793877214,0.05958147128445544,17.47434920345317
场景1-3天,fwd5,KEY_V2单独,1167,0.000524999137222411,11.131552414644906,0.03613653683876281,12.697468952657328,0.07736415689540226,23.796139031473512
场景1-3天,fwd5,旧KEY单独,1167,8.462918136579997e-05,2.8174419616121074,0.007522512129798455,2.8272450454211366,0.014970722568238018,5.321764733035201
场景1-3天,fwd5,TOTAL_SV3(旧关键位),1167,0.00019776374756988194,11.088291526589478,0.03364367143359571,11.720741699494319,0.048834275443883815,16.59276881452225
场景1-3天,fwd5,TOTAL_SV3K2(新关键位),1167,0.00025108343002384957,13.263093940850924,0.04397250724220213,14.301307790264014,0.06909731889079662,21.13141699448386
场景1-3天,fwd10,KEY_V2单独,1113,0.0006550262711911226,10.181252093313216,0.03405241699799711,11.54942610353573,0.07677516221916293,22.815621098900884
场景1-3天,fwd10,旧KEY单独,1113,-3.716689484997349e-05,-0.8905016578395355,-0.0016799537258614656,-0.6087688980939628,0.005969567136713084,2.0605382340463536
场景1-3天,fwd10,TOTAL_SV3(旧关键位),1113,0.0002453705668985017,10.428433394688575,0.03246633222061395,11.422801719303715,0.044591348174635295,15.374218796158683
场景1-3天,fwd10,TOTAL_SV3K2(新关键位),1113,0.0003482251248173515,14.344252101461814,0.04668944083004811,15.447311050098739,0.06925728746706236,21.607932098090146
