样本,期限,分项,平均斜率,t值,斜率>0占比
窗口,fwd1,TREND_V22,-8.357873085678273e-06,-0.9664972160671064,0.4740213523131673
窗口,fwd1,SHAPE_V3,4.294513227159078e-05,2.906095975883704,0.5224199288256228
窗口,fwd1,KEY_V3,0.00030873886581157274,11.809498579636868,0.6270462633451958
窗口,fwd1,SL_SCORE,-0.0001671098665116417,-4.50067730033167,0.45480427046263344
窗口,fwd5,TREND_V22,5.615317493372921e-05,3.088084459479651,0.5439763488543976
窗口,fwd5,SHAPE_V3,-1.4276906930778629e-05,-0.49709707482938853,0.4730229120473023
窗口,fwd5,KEY_V3,0.0008673977804377899,17.287240198384488,0.7117516629711752
窗口,fwd5,SL_SCORE,-0.00024743226318424465,-3.4045578377979275,0.44198078344419806
窗口,fwd10,TREND_V22,0.00011797298133017097,5.015435673939395,0.5922480620155038
窗口,fwd10,SHAPE_V3,-7.769445574983904e-05,-1.9735106586118916,0.46744186046511627
窗口,fwd10,KEY_V3,0.0010684322314854589,15.399891530106903,0.6968992248062016
窗口,fwd10,SL_SCORE,-6.891870713632701e-05,-0.6344288477583456,0.47751937984496123
窗口-剔崩溃,fwd1,TREND_V22,-9.17286607120578e-06,-1.062353177612912,0.47232472324723246
窗口-剔崩溃,fwd1,SHAPE_V3,4.6794519445649654e-05,3.091654444078875,0.5247232472324723
窗口-剔崩溃,fwd1,KEY_V3,0.00029934286343413823,11.288964130021881,0.625830258302583
窗口-剔崩溃,fwd1,SL_SCORE,-0.00015704585853632122,-4.286799212175702,0.45977859778597785
窗口-剔崩溃,fwd5,TREND_V22,5.8048577925627084e-05,3.1947865978426684,0.5423340961098398
窗口-剔崩溃,fwd5,SHAPE_V3,-9.477986943452017e-06,-0.3232149511580234,0.47368421052631576
窗口-剔崩溃,fwd5,KEY_V3,0.0008386024319774049,16.762589276548038,0.7093821510297483
窗口-剔崩溃,fwd5,SL_SCORE,-0.0002190135615506965,-3.0180188104642314,0.4462242562929062
窗口-剔崩溃,fwd10,TREND_V22,0.00012301086771537208,5.173711369131525,0.5925039872408293
窗口-剔崩溃,fwd10,SHAPE_V3,-7.886302560400986e-05,-1.9610819194596758,0.4665071770334928
窗口-剔崩溃,fwd10,KEY_V3,0.00102926265400977,14.809106588968932,0.69377990430622
窗口-剔崩溃,fwd10,SL_SCORE,2.2232551560935345e-05,0.21316508630938608,0.4864433811802233
场景1-3天,fwd1,TREND_V22,6.75673075215933e-05,3.85879811555846,0.5314465408805031
场景1-3天,fwd1,SHAPE_V3,8.473584764106966e-06,0.2684425173365638,0.5157232704402516
场景1-3天,fwd1,KEY_V3,0.0004024413712325213,7.789953820616611,0.5943396226415094
场景1-3天,fwd1,SL_SCORE,-0.0001676400566608456,-1.7744445610736894,0.4779874213836478
场景1-3天,fwd5,TREND_V22,0.00020726475175526294,5.94383330256147,0.6256077795786061
场景1-3天,fwd5,SHAPE_V3,-0.00022302509727522242,-3.445159212161287,0.42301458670988656
场景1-3天,fwd5,KEY_V3,0.0009704288315818823,9.22732844376806,0.6709886547811994
场景1-3天,fwd5,SL_SCORE,0.00011029052259857337,0.5805140796912244,0.4846029173419773
场景1-3天,fwd10,TREND_V22,0.0002765707553747931,5.68200728837449,0.5983050847457627
场景1-3天,fwd10,SHAPE_V3,-0.0004294452797283888,-5.0120324059935735,0.39322033898305087
场景1-3天,fwd10,KEY_V3,0.001321489573815891,8.279875192379118,0.6474576271186441
场景1-3天,fwd10,SL_SCORE,9.062262465506072e-05,0.2871037175618956,0.48983050847457626
