策略,n,日均只数,fwd5均%,fwd5中%,fwd5胜%,fwd10均%,fwd10中%,fwd10胜%
手工70-89 [全部],10712,11.0546955624355,0.8692152784283277,0.3144653979688883,51.7755750168415,1.4257093762071378,0.5202613770961761,52.37807335751713
手工70-89 ∩ LGB前50% [全部],6455,6.661506707946336,1.2224303914197936,0.5940594244748354,54.260591526778576,1.7938539545835643,0.9404388256371021,55.13531685997647
手工70-89 ∩ Ridge前50% [全部],7204,7.434468524251806,0.9558474340315071,0.4189526429399848,52.837489251934656,1.4980011954812666,0.5886200349777937,52.936758299534326
LGB前10% [全部],23807,24.568627450980394,0.27320219333759027,-0.38314175326377153,46.953656929497036,0.49165673898925144,-0.5113221239298582,47.35872518767559
Ridge前10% [全部],23807,24.568627450980394,0.3331998458547411,-0.1552795059978962,47.99297321036452,0.5560952126379763,-0.235574203543365,48.44571533991329
LGB 80-90% [全部],23325,24.071207430340557,0.23863945337335096,-0.2988898428156972,47.213393616545055,0.37740408627751365,-0.4608294926583767,47.115925717501405
KEY_V3=20 [全部],50557,52.17440660474716,0.4486242223057065,0.0,49.35701163502756,0.8281354565582851,0.1578531926497817,50.32497469920162
KEY_V3=20 ∩ LGB前50% [全部],33151,34.21155830753354,0.6131666041329823,0.12755101779475808,50.37270273743735,0.976877953330795,0.3448275849223137,51.213002566295984
手工60-89 ∩ 排除LGB后20% [全部],22206,22.91640866873065,0.5833706524436534,0.0852904689963907,50.2285447761194,0.9535468891974517,0.1652892562560737,50.55834593065782
手工70-89 [剔崩溃],8995,9.80916030534351,0.1798029386427377,-0.20045102573931217,47.64962164641137,0.46652568452469634,-0.3016591304913163,48.03272771026351
手工70-89 ∩ LGB前50% [剔崩溃],5487,5.9836423118865865,0.610826619862957,0.1428571413271129,50.498026686713025,1.049656860153063,0.3413008991628885,51.7998417721519
手工70-89 ∩ Ridge前50% [剔崩溃],6110,6.663031624863686,0.3672709019369642,0.0,49.26483015041406,0.6810949886447195,-0.09225092362612486,49.03248712941594
LGB前10% [剔崩溃],21646,23.605234460196293,0.03690917430447973,-0.5952381063252687,45.39821308483044,-0.08558676467579848,-1.030110940337181,44.89703438900358
Ridge前10% [剔崩溃],21646,23.605234460196293,0.07709618515136837,-0.33717339392751455,46.37883008356546,0.03155158575213646,-0.6978773511946201,45.81988705123033
LGB 80-90% [剔崩溃],21193,23.11123227917121,-0.023692279658356234,-0.5424954928457737,45.643336435323505,-0.2292568967921686,-0.978473573923111,44.35554187823767
KEY_V3=20 [剔崩溃],45785,49.92911668484187,-0.035363037621899615,-0.46911679673939943,46.636057403903834,0.15407957225627678,-0.5695151397958398,47.24087233521196
KEY_V3=20 ∩ LGB前50% [剔崩溃],30324,33.06870229007634,0.19675365780171644,-0.2630425849929452,47.85058430717863,0.39677679383908215,-0.2828587545081973,48.46605382655886
手工60-89 ∩ 排除LGB后20% [剔崩溃],19374,21.127589967284624,0.09337755622448544,-0.3428575932048261,46.86031610422896,0.15588418239330754,-0.5627009551972151,46.70394185071289
