,Ridge标准化权重,LGB增益占比%
AMP,-0.00088859565,5.513936937975325
AMPL,-0.0074704434,8.90900510968818
BULL,-0.0010238315,0.13812791402045835
DEV13,-0.0115429815,3.204524755348489
DEV20,0.005465829,4.350725040949197
DOJI,0.00090945925,3.1305390928572923
GAP_OPEN,0.0010881518,4.823695317110907
HOLD,0.0055888398,3.9835488418483425
KEY_V3,-0.0003438452,0.41162247611670644
LOG_AMT,-0.00048467782,6.431317349953726
MA20_SLOPE,-0.0012277231,4.715074228006923
NH,-0.00034445937,3.1264683831009563
POS_IN_RANGE,0.0009032526,3.240561120650821
PRE_AMP10,-0.00094789674,8.162340864012926
PROX,-0.005508702,3.0565785238575964
R1,0.005202214,5.585867198600428
R5,0.00016984693,2.828179154473775
SEAL,0.00024384828,0.04324882600794052
SHAPE_V3,-0.0011200046,1.7562919210261467
SL_SCORE,0.0018205284,0.34194749843018907
TREND_V22,-0.0003797504,0.2416001261233501
V_VS_MA5,-0.001784926,4.140881695848907
V_VS_ZT,-0.0016933448,4.148017676683187
ZT_BAR,-7.7232966e-05,1.2188494161436727
ZT_COST,0.002042209,8.773516552751321
ZT_VRATIO,-0.0010409384,7.7235339784132355
