模型,口径,期限,天数,RankIC,t值,IC>0占比
ml_lgb,全部,fwd1,936,0.14707051250331016,35.79967557299761,0.8835470085470085
ml_lgb,剔崩溃月,fwd1,886,0.14914894728149386,36.21072667362099,0.8893905191873589
ml_lgb,全部,fwd5,900,0.16577081896501733,43.37885812820185,0.9333333333333333
ml_lgb,剔崩溃月,fwd5,858,0.16844579003658836,44.200792557428834,0.9417249417249417
ml_lgb,全部,fwd10,857,0.17699786569857195,45.567309197141284,0.9358226371061844
ml_lgb,剔崩溃月,fwd10,821,0.18091169365382304,46.77993656810829,0.9476248477466505
ml_ridge,全部,fwd1,936,0.14989678524854627,32.23655734212815,0.8557692307692307
ml_ridge,剔崩溃月,fwd1,886,0.15080565426638215,31.806404874385272,0.8600451467268623
ml_ridge,全部,fwd5,900,0.17095646678246748,38.223265261937904,0.8966666666666666
ml_ridge,剔崩溃月,fwd5,858,0.17272478033826008,38.61685010318677,0.9055944055944056
ml_ridge,全部,fwd10,857,0.18145841099564172,40.60267469497577,0.9078179696616102
ml_ridge,剔崩溃月,fwd10,821,0.18478446746950694,41.18631885408862,0.9196102314250914
TOTAL_FINAL,全部,fwd1,936,0.08248294003389228,19.304823835459278,0.7457264957264957
TOTAL_FINAL,剔崩溃月,fwd1,886,0.08310599518794679,18.944246520402302,0.7505643340857788
TOTAL_FINAL,全部,fwd5,900,0.10362944354411499,26.28155651040065,0.8277777777777777
TOTAL_FINAL,剔崩溃月,fwd5,858,0.10446627377175424,26.15398701566765,0.8321678321678322
TOTAL_FINAL,全部,fwd10,857,0.11363591494929753,30.68562782698206,0.8506417736289381
TOTAL_FINAL,剔崩溃月,fwd10,821,0.11582233679640369,30.64175135835119,0.856272838002436
KEY_V3,全部,fwd1,936,0.11647034709121497,22.263032602341777,0.7831196581196581
KEY_V3,剔崩溃月,fwd1,886,0.11595804300844764,21.904539523070476,0.7878103837471784
KEY_V3,全部,fwd5,900,0.1452437898898051,30.390179986338087,0.8533333333333334
KEY_V3,剔崩溃月,fwd5,858,0.1459845327301078,30.60340906211456,0.8554778554778555
KEY_V3,全部,fwd10,857,0.16161130239444482,35.21198998554665,0.8868144690781797
KEY_V3,剔崩溃月,fwd10,821,0.16321447216160545,35.03423024859695,0.8867235079171741
