,均值,std,符号一致折数
DEV13,-0.0115429815,0.0064797527,4
AMPL,-0.0074704434,0.00044647933,4
HOLD,0.0055888398,0.00042463955,4
PROX,-0.005508702,0.00041762315,4
DEV20,0.005465829,0.006975504,4
R1,0.005202214,8.105581e-05,4
ZT_COST,0.002042209,0.00023299007,4
SL_SCORE,0.0018205284,0.00030317358,4
V_VS_MA5,-0.001784926,0.00029341917,4
V_VS_ZT,-0.0016933448,7.5041964e-05,4
MA20_SLOPE,-0.0012277231,0.0017025353,4
SHAPE_V3,-0.0011200046,0.000482996,4
GAP_OPEN,0.0010881518,0.00033435054,4
ZT_VRATIO,-0.0010409384,7.043018e-05,4
BULL,-0.0010238315,0.00014473758,4
PRE_AMP10,-0.00094789674,0.00040680968,4
DOJI,0.00090945925,0.00012561589,4
POS_IN_RANGE,0.0009032526,0.00031778542,4
AMP,-0.00088859565,0.0005861828,4
LOG_AMT,-0.00048467782,0.00044517507,3
TREND_V22,-0.0003797504,4.2572345e-05,4
NH,-0.00034445937,0.0003028319,3
KEY_V3,-0.0003438452,0.0009254098,2
SEAL,0.00024384828,0.00015728008,4
R5,0.00016984693,0.0010442769,1
ZT_BAR,-7.7232966e-05,0.0002286373,3
