得分项,期限,样本数,Pearson,Spearman
TREND_SCORE,fwd1,6362758,0.005016611345830134,-0.00766554126813632
TREND_SCORE,fwd2,6301822,0.004951045191061961,-0.006400287027069178
TREND_SCORE,fwd3,6241041,0.004168174865734646,-0.007182833278089622
TREND_SCORE,fwd5,6118902,-0.008279279063062125,-0.015765460736241514
TREND_SCORE,fwd10,5814478,0.004703363861897695,-0.0010769690302489725
SHAPE_SCORE,fwd1,6362758,-0.0017257790585886018,-0.0012976653652685948
SHAPE_SCORE,fwd2,6301822,-0.0026406580289501207,-0.0004482701374634778
SHAPE_SCORE,fwd3,6241041,-0.0035181854240860897,-0.0006956817321024721
SHAPE_SCORE,fwd5,6118902,-0.004634483284763131,-0.0010323544388015705
SHAPE_SCORE,fwd10,5814478,-0.0033147746775209035,-0.00019185900727312116
KEY_SCORE,fwd1,6362758,-0.0019476536219891702,-0.007879586252880188
KEY_SCORE,fwd2,6301822,-0.0035725608185223742,-0.009350269115432651
KEY_SCORE,fwd3,6241041,-0.004586368454302715,-0.01027751385956227
KEY_SCORE,fwd5,6118902,-0.00490276419924348,-0.01072519038030146
KEY_SCORE,fwd10,5814478,-0.0047850389002200575,-0.01080944141693653
SL_SCORE,fwd1,6362758,0.012941946790256943,0.03248355354497683
SL_SCORE,fwd2,6301822,0.015958387681628366,0.03665370826278325
SL_SCORE,fwd3,6241041,0.018050070803228218,0.03964662778505166
SL_SCORE,fwd5,6118902,0.018201177367467753,0.0415416858052702
SL_SCORE,fwd10,5814478,0.015546205975751915,0.040488685432942435
TOTAL,fwd1,6362758,0.007141969340112587,-0.0007040210959607632
TOTAL,fwd2,6301822,0.007170703957297229,0.0015031525019736222
TOTAL,fwd3,6241041,0.006490514381294974,0.0015157042090257527
TOTAL,fwd5,6118902,-0.005178219397232369,-0.005004418488168602
TOTAL,fwd10,5814478,0.006258082520186656,0.007268374524894453
