SHAPE_V2,样本数,占比%,fwd1均值%,fwd1中位%,fwd1胜率%,fwd5均值%,fwd5中位%,fwd5胜率%,fwd10均值%,fwd10中位%,fwd10胜率%,版本,场景,SHAPE_SCORE
1.0,2,0.00033187309172972256,-2.4971303871134296,-2.4971303871134296,50.0,-13.006525114178658,-13.006525114178658,0.0,-20.78155055642128,-20.78155055642128,0.0,V2,窗口1-8天,
2.0,126,0.020908004778972523,-0.13999292768165505,0.494233937934041,52.0,0.7775607752067245,0.7462061010301113,50.413223140495866,2.7838960069378738,-0.42446660809218884,49.122807017543856,V2,窗口1-8天,
3.0,695,0.11532589937607858,0.1575268156896848,0.12062726309522986,50.79136690647482,-0.1622111278241801,-1.3778099790215492,43.906020558002936,2.3740140832502,0.8480776567012072,54.24242424242425,V2,窗口1-8天,
4.0,3085,0.511914243993097,0.3177323344477249,0.37656903732568026,54.3005517689062,0.9219199346647009,0.19754425156861544,50.95709570957096,3.735769683888174,2.7996154502034187,62.677006068779505,V2,窗口1-8天,
5.0,7146,1.1857825567502986,0.5903426898490999,0.6019467022269964,55.85800477059071,3.3587571913307896,3.8056381046772003,69.01910464784716,5.170228298189218,5.0913045182824135,67.90629575402636,V2,窗口1-8天,
6.0,17191,2.85261515996283,-0.1697203617871058,-0.20198826678097248,47.85739374780471,-0.22946310143587204,-1.2033694423735142,44.348197401329834,-0.3500880739996166,-1.9811959937214851,43.087145412726805,V2,窗口1-8天,
7.0,22806,3.7843488649940262,-0.024344091657932245,-0.09888781351037323,48.449098621421,0.1179042599476787,-0.7163327420130372,46.472914558999356,0.03540162737212711,-1.412614993751049,44.93173155787137,V2,窗口1-8天,
8.0,21950,3.642307181733705,-0.18642617063036587,-0.24106070632115006,47.20456848116423,0.19884359083868378,-0.6666666828095913,47.077409162717224,0.4786605737261304,-0.9910802356898785,46.70233511675584,V2,窗口1-8天,
9.0,41056,6.812690827027744,-0.18742118850709155,-0.3330560168251395,46.59029583476427,-0.20448284583603396,-1.092896144837141,44.902654867256636,-0.1358649152979039,-1.325257821008563,45.209817893903406,V2,窗口1-8天,
10.0,43265,7.179244656843223,-0.138678695166297,-0.16708438051864505,47.80482124141144,-0.06429084503191498,-0.8258393034338951,45.71138800347725,-0.07158982817818384,-1.3295908458530903,44.92790285858842,V2,窗口1-8天,
11.0,50061,8.30694942254082,-0.12940161480246604,-0.24271844886243343,46.88249158927456,-0.13391128746483755,-0.8540929760783911,45.58615525418088,-0.082849063687856,-1.351960375905037,44.88857062257232,V2,窗口1-8天,
12.0,41109,6.821485463958582,-0.18938459370432612,-0.46307581942528486,45.23949600431436,-0.3996000900309188,-1.3097776100039482,43.20794280372887,-0.4440216631952441,-1.7773620784282684,43.525416589886014,V2,窗口1-8天,
13.0,45176,7.496349395990973,-0.09875749986025317,-0.27457057731226087,46.408186925889595,-0.19827467711730581,-0.9877003729343414,44.508191055505634,-0.22179769333803928,-1.3904337771236897,44.40189774341931,V2,窗口1-8天,
14.0,39564,6.565113500597372,-0.16047640068156366,-0.2581533510237932,46.416738875579796,-0.32566759220173513,-1.0239257477223873,43.94322431137094,-0.4018345634928613,-1.6246831975877285,43.17303445229682,V2,窗口1-8天,
15.0,44676,7.413381123058542,-0.2710790004528376,-0.44988754671067,44.471783295711056,-0.7059599673116582,-1.3888888992369175,41.89668861800009,-0.8549345486219991,-1.9753087311983109,41.501184631542955,V2,窗口1-8天,
16.0,39850,6.612571352714721,-0.19426988754719313,-0.3944537602365017,44.74196566284862,-0.4496433735960803,-1.2012012302875519,42.77098997493734,-0.5617974438379257,-1.653348095715046,43.01823940585409,V2,窗口1-8天,
17.0,37783,6.269580512412054,-0.17450369585066042,-0.3339827642776072,45.11095700416089,-0.4022161606958113,-1.0526316240429878,43.13325429430092,-0.47528955735683953,-1.541768666356802,42.61609460628786,V2,窗口1-8天,
18.0,35841,5.947331740342493,-0.21739868925089012,-0.43541365303099155,43.638204522443466,-0.6209561786803655,-1.2468514498323202,41.655048216567906,-0.8216130740793491,-1.870901696383953,41.241718835470735,V2,窗口1-8天,
19.0,27179,4.509989380061065,-0.09567115137887844,-0.33333334140479565,44.625069431586745,-0.4249472911049968,-0.9952855296432972,42.874622414254574,-0.5317675747398317,-1.5651402063667774,42.47879660745719,V2,窗口1-8天,
20.0,22593,3.749004380724811,-0.057946090947026276,-0.24809499736875296,45.607384944702105,-0.22371085766717114,-0.8413461968302727,43.444092099820764,-0.3626627566880798,-1.2838169932365417,43.0933384600596,V2,窗口1-8天,
21.0,19661,3.2624784282490373,-0.15011213532737624,-0.3322259057313204,44.53553312496798,-0.4702001200387893,-1.0057471692562103,42.57410049136155,-0.7044790732157618,-1.6499515622854233,41.52444076222038,V2,窗口1-8天,
22.0,12332,2.0463294836054695,-0.0672489111933608,-0.2632734249345958,45.53994445352066,-0.2965972594195191,-0.8742109872400761,43.14780561627711,-0.4554443311599236,-1.336302887648344,42.66994987248263,V2,窗口1-8天,
23.0,10351,1.717609186247179,-0.15460275268145904,-0.30030030757188797,44.43795620437957,-0.32050421496999176,-0.9615384973585606,42.26017076845806,-0.3599312721011257,-1.2484394945204258,42.55363683935113,V2,窗口1-8天,
24.0,7834,1.2999469003053232,-0.0663783953260849,-0.23847754346206784,45.680123425045,-0.35049081402711796,-0.9241433814167976,42.39766081871345,-0.5940633285685217,-1.396908750757575,42.19315335374339,V2,窗口1-8天,
25.0,4176,0.6929510155316607,0.0378332609653067,-0.15456213150173426,45.83333333333333,-0.03171949488536235,-0.6532438099384308,43.97918731417245,-0.24407423238302145,-1.123595517128706,43.45685410728168,V2,窗口1-8天,
26.0,3709,0.6154586486127706,-0.055756105722596774,-0.18542842008173466,45.94080912299756,-0.13404624766013826,-0.7220216561108828,43.39040134717934,-0.4112653596071655,-1.2759923934936523,42.143906020558006,V2,窗口1-8天,
27.0,2050,0.3401699190229656,-0.004654599171657613,-0.21137874573469162,45.374015748031496,0.0968652256370905,-0.40755735244601965,46.142131979695435,-0.19239040261689955,-0.9781330358237028,43.670212765957444,V2,窗口1-8天,
28.0,833,0.13822514270542943,0.0895065465258152,-0.16750606591813266,46.256038647343,0.1925795742455199,-0.6224066484719515,41.86335403726708,0.23753811920936402,-0.8338296785950661,43.46701164294955,V2,窗口1-8天,
29.0,452,0.0750033187309173,-0.027828747357118884,-0.07999999797903001,46.308724832214764,0.0713288445327935,-0.4653194220736623,46.788990825688074,0.019121104616027895,-0.9011768270283937,44.49760765550239,V2,窗口1-8天,
30.0,88,0.014602416036107792,0.0020142370803197,-0.07171510369516909,46.590909090909086,-0.5872429818873047,-0.9829619899392128,36.7816091954023,-1.5259191302281645,-2.4126386269927025,32.926829268292686,V2,窗口1-8天,
,90208,14.968803929377405,0.19659782780282864,0.11276143486611545,50.7982062780269,0.9480268423808025,0.30840400140732527,51.34505919191684,1.072955435479441,0.16574586043134332,50.4394144391219,旧,窗口1-8天,0.0
,253405,42.04915040488517,-0.28634235193437424,-0.4770992323756218,44.97847976621562,-0.540434115151887,-1.4204545877873898,42.782863509658355,-0.5058841307480366,-1.909722201526165,42.66987387524977,旧,窗口1-8天,5.0
,208850,34.655847603876275,-0.1595653123730591,-0.35354059655219316,44.92911036769924,-0.47758617785739227,-1.1555596254765987,42.52951315815846,-0.6504444662220077,-1.7581645399332047,42.02801621991679,旧,窗口1-8天,10.0
,38110,6.323841762909864,0.07475071768386948,-0.09318423690274358,47.529803600222046,0.08529422308826354,-0.5235602147877216,46.01714518982175,0.14148801256339402,-0.7260008016601205,46.130136986301366,旧,窗口1-8天,20.0
,12067,2.002356298951281,0.03424054804840562,0.0,47.68526228143214,0.04380279719171473,-0.33783784601837397,45.93822995068778,0.19877156294516177,-0.4293689038604498,46.83944374209861,旧,窗口1-8天,30.0
1.0,2,0.0008044696332825176,-2.4971303871134296,-2.4971303871134296,50.0,-13.006525114178658,-13.006525114178658,0.0,-20.78155055642128,-20.78155055642128,0.0,V2,1-3天,
2.0,62,0.02493855863175805,-0.4018526952638628,0.5108822137117386,51.61290322580645,1.0828941393277196,1.0038609616458416,52.459016393442624,3.6345046768286107,2.299215644598007,53.44827586206896,V2,1-3天,
3.0,424,0.17054756225589374,-0.14476914303585942,-0.047761507448740304,48.113207547169814,-1.6042339446528033,-3.172365203499794,35.62945368171022,3.078471190679066,1.934443786740303,56.447688564476884,V2,1-3天,
4.0,1680,0.6757544919573149,-0.03166311278097795,0.20040080416947603,52.471709350804055,-1.1866412067773,-2.3238204419612885,37.15486194477791,3.974513944667573,3.376075252890587,67.60048721071864,V2,1-3天,
5.0,2780,1.1182127902626995,0.5083715732316871,1.2694383040070534,58.895705521472394,1.7559415041105215,1.6938110813498497,56.991602774735306,4.571082008902551,4.8919688910245895,64.14387411015362,V2,1-3天,
6.0,7383,2.969699651262414,-0.4396697318376942,-0.6263817194849253,45.309734513274336,-0.8965570189756449,-2.4793388321995735,40.82614231150092,-0.7145788260742433,-2.7449489571154118,41.4569144210838,V2,1-3天,
7.0,7988,3.2130517153303755,-0.28715543537007643,-0.5131128709763288,45.145447676615035,-0.4484784561046359,-1.6502751037478447,43.306778111531926,-0.4747908541945656,-2.3346303030848503,42.88063587775798,V2,1-3天,
8.0,10016,4.028783923478849,-0.5133764523491945,-0.734844128601253,43.98945874721265,-0.1539118695164161,-1.6814159229397774,43.64250290176216,0.08778061677138228,-1.910488959401846,44.30337822918967,V2,1-3天,
9.0,20615,8.29207074505955,-0.29643018732461696,-0.6273525767028332,44.59690414571024,-0.5400840870885614,-1.8149451352655888,42.594453376205784,-0.49349716812579414,-2.140672691166401,43.46869269059471,V2,1-3天,
10.0,15749,6.334796127283185,-0.3077404497563533,-0.40453660767525434,46.335848573986446,-0.6192597381034671,-1.756760012358427,42.192866578599734,-0.6327392074159622,-2.053759340196848,43.075651095494,V2,1-3天,
11.0,18322,7.369746310501145,-0.51474313477032,-0.8158654905855656,42.82486498401852,-0.9454642209803119,-2.0040079951286316,40.934908553902076,-0.8031605302492526,-2.457484696060419,41.95572392565408,V2,1-3天,
12.0,20615,8.29207074505955,-0.32008151341141694,-0.7029898697510362,43.79283336596828,-0.7118392090999671,-1.7920338548719883,41.99919183755935,-0.7914403469823197,-2.409638464450836,41.93429504053911,V2,1-3天,
13.0,17741,7.136047882032573,-0.15000479346476034,-0.3857390023767948,45.68230882854221,-0.47255438846911957,-1.4559573959559202,42.84374633688899,-0.6351121658496437,-1.9846193492412567,42.53849914446345,V2,1-3天,
14.0,14291,5.7483377646202305,-0.2783837811821378,-0.5089058540761471,44.950173157113575,-0.9427905488519575,-1.8548505380749702,40.47010730710271,-1.10010350999058,-2.461538463830948,40.80244554833779,V2,1-3天,
15.0,21690,8.724473172948905,-0.40081895942519624,-0.7053982466459274,42.72025304679505,-1.103524430728438,-1.9350606948137283,39.726883685146895,-1.3189082015184843,-2.7062881737947464,39.40003014923873,V2,1-3天,
16.0,16903,6.798975105687198,-0.2825799483990246,-0.5319148767739534,43.52078239608802,-0.7628340257891575,-1.6078568063676357,41.069887834339944,-0.9226180514074533,-2.010050229728222,41.43714119847771,V2,1-3天,
17.0,13529,5.44183483433959,-0.31148164154220853,-0.5116543266922235,43.52397285810156,-0.8766247505925546,-1.5384615398943424,41.12574112574113,-1.0623459465008958,-2.099301852285862,40.712794991170334,V2,1-3天,
18.0,16613,6.6823270088612325,-0.3078459943369178,-0.6527064368128777,42.095677513356,-0.9494981932111372,-1.671542227268219,39.795406049956064,-1.2027364860055945,-2.3423612117767334,39.37245634764343,V2,1-3天,
19.0,11186,4.499398658949121,-0.10780712452785647,-0.41731884703040123,44.25359712230216,-0.5539149339864867,-1.1816450860351324,42.17706013363029,-0.7267413016385055,-1.7772109247744083,42.00930954228084,V2,1-3天,
20.0,7184,2.8896549227508035,-0.1667592156172879,-0.4669018555432558,42.95922656578394,-0.7436846785098634,-1.3642564415931702,40.4043321299639,-0.9341844007078257,-1.713520847260952,40.75972264094061,V2,1-3天,
21.0,8451,3.399286435435278,-0.23642414282486543,-0.5167958792299032,43.0325426153296,-0.8092358567217971,-1.4150943607091904,40.80480922586186,-1.0482527460445559,-2.0224859938025475,40.1815392482741,V2,1-3天,
22.0,4962,1.9958891601739261,-0.09604990642461131,-0.34897245932370424,45.01117659012396,-0.4359297744844427,-1.0657548904418945,42.63598326359833,-0.5097273874912476,-1.4492753893136978,42.264647794601714,V2,1-3天,
23.0,3399,1.3671961417636387,-0.18555544496002332,-0.36832537734881043,44.543297746144724,-0.44999724171670175,-1.1152416467666626,42.30414746543779,-0.6059236184209621,-1.654135249555111,41.137016927499204,V2,1-3天,
24.0,3156,1.269453081319813,-0.1242060819647438,-0.4169763531535864,44.483418367346935,-0.631442614823463,-1.1427327990531921,41.103086014445175,-0.8816785507696918,-1.6068052500486374,40.742013053933356,V2,1-3天,
25.0,1627,0.6544360466753281,0.05252059937129939,-0.16906170640140772,46.19666048237477,-0.06995606869563294,-0.47329277731478214,44.92012779552715,-0.1696930540175824,-0.9607839863747358,44.156706507304115,V2,1-3天,
26.0,1157,0.46538568285393644,-0.09040149994397728,-0.3063907497562468,45.383275261324044,-0.33031523518875733,-0.9289967827498913,42.39713774597496,-0.9706326551575113,-1.6671164892613888,39.832089552238806,V2,1-3天,
27.0,729,0.2932291813314777,0.06878895462335394,-0.24258634075522423,44.861111111111114,0.09034263996736872,-0.3472222248092294,47.07560627674751,-0.05194710888082699,-0.9708737954497337,44.113263785394935,V2,1-3天,
28.0,252,0.10136317379359722,0.43140363388794994,0.16771488590165973,52.191235059760956,-0.10684359905531356,-0.8715822361409664,42.62295081967213,-0.03595778333563438,-0.5300353281199932,44.58874458874459,V2,1-3天,
29.0,96,0.03861454239756085,-0.16222256855008768,-0.39005123544484377,45.744680851063826,-0.37112961277469164,-0.29516180511564016,45.55555555555556,-0.8454062966467424,-1.6030785627663136,38.372093023255815,V2,1-3天,
30.0,9,0.0036201133497713294,-1.0802589356899261,-1.2200633063912392,44.44444444444444,0.5582003543774288,0.8133755065500736,55.55555555555556,-0.7717167027294636,1.368363481014967,62.5,V2,1-3天,
,36111,14.525101463732499,0.2688398126973519,0.0871839583851397,50.5246574957099,1.653095931075136,0.7955449633300304,53.50637923449186,2.010262935064212,1.243236567825079,53.705860716037265,旧,1-3天,0.0
,105913,42.601896134925646,-0.6286297734777845,-1.0425779968500137,41.92776120537326,-1.5717787690384348,-2.9038112610578537,37.239469038632215,-1.5263093789417645,-3.191489353775978,38.741554395760005,旧,1-3天,5.0
,84297,33.9071883384082,-0.19549841149296052,-0.5051036598160863,43.69709722155803,-0.7756070837091034,-1.4880952425301075,41.15855922762719,-1.043099155145847,-2.1812893450260162,40.46909757906103,旧,1-3天,10.0
,22290,8.96581406293366,0.08874529519526815,-0.0821355264633894,47.81194960032516,0.05030551978818931,-0.5595970898866653,45.91186188282377,0.19388336478709883,-0.7834757678210735,46.036778693722255,旧,1-3天,20.0
