期限,因子,days,slope,t,ic,ic_t,ric,ric_t
fwd1,TOTAL_V22(旧形态),1442,1.2692719724058794e-06,0.25150487252419906,0.0005814835340601985,0.2550227851324075,0.006315548288967607,2.502360287408389
fwd1,TOTAL_SV2(新形态),1442,-1.3534865002410743e-05,-2.915926444151694,-0.006762306331463403,-3.1935410846853665,-0.0076516835443563615,-3.157652300896976
fwd1,SHAPE_V2单独,1442,-0.0001459659124629187,-11.989458504897994,-0.024311444611025135,-12.175193899487574,-0.047172087833416254,-23.453967812576266
fwd1,旧SHAPE单独,1442,6.925832416044416e-06,1.0904598378134036,-0.00018658088909690072,-0.19321022788548492,0.0036725446285255266,3.0551024993121128
fwd5,TOTAL_V22(旧形态),1390,1.779821605933185e-05,1.7903476758865855,0.00740098050887103,3.4174051115602637,0.02021098226298303,8.407695873087588
fwd5,TOTAL_SV2(新形态),1390,-2.513419006809039e-05,-2.765797215544639,-0.0035944276258301116,-1.7952039887248188,0.0028489852091777624,1.232252339576844
fwd5,SHAPE_V2单独,1390,-0.0004765751860993716,-20.498719108080106,-0.03862592571972725,-21.693300359198698,-0.0625568146621181,-33.74859170274053
fwd5,旧SHAPE单独,1390,-2.9296263731623967e-06,-0.1949237752948208,-0.0009740552836248056,-0.9529064596887362,0.004099202475280113,3.2940799696659187
fwd10,TOTAL_V22(旧形态),1325,4.795842675595971e-05,3.8253444794657163,0.013291093153848988,6.171223950613097,0.027547394362853563,11.572360218129697
fwd10,TOTAL_SV2(新形态),1325,-1.852985215415667e-05,-1.5860081287539884,0.0007331590682818553,0.36809505310292256,0.008006026536683595,3.5118918110798227
fwd10,SHAPE_V2单独,1325,-0.0007736605779569857,-24.902374429828992,-0.04463426067157338,-26.348296136097094,-0.07100605827932197,-39.992237030928045
fwd10,旧SHAPE单独,1325,6.370036480522311e-06,0.32561970958674735,-0.0005931852944072025,-0.6020315019920995,0.004643735023698659,3.917028401157841
