DOJI_q,样本数,占比%,fwd1均值%,fwd1中位%,fwd1胜率%,fwd5均值%,fwd5中位%,fwd5胜率%,fwd10均值%,fwd10中位%,fwd10胜率%,因子,HOLD_g,VV_g,PA_g,VR_g
"(-0.001, 0.186]",120530,20.000331873091728,-0.16829713634769403,-0.33283408265560865,45.78817074802623,-0.3629070231456609,-1.1277622543275356,43.380374025257055,-0.40095226727360583,-1.6104398295283318,43.30166871342917,DOJI,,,,
"(0.186, 0.348]",120528,20.0,-0.16148298584505374,-0.3717472078278661,45.37020785798461,-0.3159600707320408,-1.0869565419852734,43.538762259861706,-0.41979624445683034,-1.6366939060389996,43.19556451612903,DOJI,,,,
"(0.348, 0.503]",120529,20.000165936545866,-0.16451494561292,-0.36231884732842445,45.16492975755702,-0.2990992803996532,-1.0383859276771545,43.749245494524445,-0.3858840465078764,-1.5779669396579266,43.28667423300726,DOJI,,,,
"(0.503, 0.679]",120527,19.999834063454138,-0.15144359072239572,-0.3227889072149992,45.60740474418682,-0.25642874003125177,-0.9703906252980232,44.37065503691869,-0.3419964969384401,-1.5477792359888554,43.503391223459495,DOJI,,,,
"(0.679, 1.0]",120526,19.999668126908272,-0.059825269858075215,-0.056753691751509905,48.29607700477517,0.0043104239504113346,-0.6427568150684237,46.1515046094973,0.21946150118039529,-0.8274984546005726,46.24447449873379,DOJI,,,,
,118461,19.65700915969733,-0.12356522735396142,0.0,48.81612691596588,0.06670423693487548,-0.5284426268190145,46.777280293387214,0.21811644608379097,-0.937500037252903,45.97326103216155,HOLD,<0.90,,,
,85777,14.233539094650205,-0.17188100909249107,-0.2114164875820279,46.763949707094305,-0.41997040986364953,-1.130053587257862,43.145904023267086,-0.5408062997871329,-1.7477203160524368,42.612719114263555,HOLD,0.90-0.94,,,
,94326,15.652130625248905,-0.11052372349934086,-0.296296295709908,45.503526123184926,-0.3517038154812053,-1.070447638630867,43.237745475337015,-0.4794566080345118,-1.5795269049704075,42.87836219602064,HOLD,0.94-0.97,,,
,100852,16.73503252356299,-0.1048470047455945,-0.33891923958435655,45.13212517962638,-0.35290789075580054,-1.0146561078727245,43.40807912566957,-0.51135755849517,-1.5980116091668606,42.892773441699454,HOLD,0.97-1.00,,,
,124734,20.697929111907605,-0.17936478418770016,-0.4823151044547558,44.08491060979055,-0.38041371383946454,-1.2021858245134354,43.080082476969636,-0.5543665565477808,-1.7878910526633263,42.664238324443865,HOLD,1.00-1.05,,,
,78490,13.024359484932962,-0.15661421495161423,-0.3782966057769954,46.02796518514703,-0.045326573743597755,-0.8694592397660017,45.74719041560645,0.3394464177129803,-0.8270443417131901,46.72578257770956,HOLD,>1.05,,,
,43941,7.291417761847869,0.002880646617535222,0.0,48.85375312664938,0.3160540301653062,-0.1763150270562619,48.26913932477413,0.5005490792030841,-0.418921303935349,47.56951390278056,V_VS_ZT,,<0.3,,
,127950,21.231581043409,0.022653231835709012,0.0,48.41962732332496,0.3356597478834884,-0.36496350076049566,47.35731103353089,0.4666664804872765,-0.6572462152689695,46.83453970843103,V_VS_ZT,,0.3-0.5,,
,183126,30.38729589804859,-0.07467010024263548,-0.21335168275982141,46.96665658759174,-0.06429118429824067,-0.8841321803629398,44.986691335463476,-0.03475532780503653,-1.240834780037403,44.800711216476515,V_VS_ZT,,0.5-0.8,,
,129030,21.41079251294305,-0.17211022293953318,-0.42099859565496445,45.26616118189635,-0.4776355516260585,-1.3542842585593462,42.878614024597184,-0.5635332285070364,-1.9230769947171211,42.72852193119262,V_VS_ZT,,0.8-1.2,,
,76944,12.767821585025887,-0.33340859738575684,-0.6864988710731268,42.9951627492364,-0.9248711551776488,-1.7449663951992989,40.63982169794654,-1.162046475307606,-2.4923845194280148,40.190259832457755,V_VS_ZT,,1.2-2.0,,
,41649,6.911091198725608,-0.637799075896476,-1.1173184029757977,39.77212250229813,-1.4684811102787652,-2.303457260131836,37.87840943151164,-1.7751923265352607,-3.087856899946928,37.57574174676139,V_VS_ZT,,>2.0,,
,31543,5.234136466215319,-0.10607889883362386,-0.2702702768146992,44.39232953639004,-0.30099841954857687,-0.7618082221597433,42.74447949526814,-0.4554220986450573,-1.073189964517951,42.63809980149223,PRE_AMP10,,,<=0.08,
,101857,16.901798752157173,-0.1324034112608488,-0.31201248057186604,44.705940545085824,-0.42947277282496027,-0.9890110231935978,42.511330966534004,-0.6664231266510832,-1.5771135687828064,41.81619513867315,PRE_AMP10,,,0.08-0.13,
,152053,25.231149608389753,-0.19915059216321493,-0.374531839042902,44.855958892756504,-0.5555200326444141,-1.244813296943903,42.345880769600505,-0.7081147491989752,-1.8400000408291817,41.98439802998167,PRE_AMP10,,,0.13-0.20,
,183615,30.468438868976506,-0.2010433624198637,-0.3820439334958792,45.48019962337285,-0.39352480006460966,-1.17615619674325,43.85937997181691,-0.45996153829602127,-1.78217813372612,43.28058171926915,PRE_AMP10,,,0.20-0.35,
,131425,21.808210540289394,-0.002254052843954297,0.0,49.64529770477738,0.4892717269310352,-0.25510203558951616,48.72483538640874,0.8803112220349021,-0.26845638640224934,48.98095774463952,PRE_AMP10,,,>0.35,
,75300,12.495021903624053,-0.19075860384196278,-0.3838771488517523,45.8388569745176,-0.4502331387457926,-1.3059701770544052,43.37697717732744,-0.5900393199168004,-1.9604218192398548,42.7852398092061,ZT_VRATIO,,,,<1
,235410,39.063122262046996,-0.0788466454760958,-0.20040080416947603,47.35769136875827,-0.056312540789733835,-0.8838383480906487,45.339253147298905,-0.034432320740773195,-1.3274336233735085,44.96508347592841,ZT_VRATIO,,,,1-2
,177940,29.526748971193417,-0.16358241989063022,-0.32686861231923103,45.39187720728063,-0.24802392481802182,-0.9028937667608261,44.45203160929603,-0.18361251430846234,-1.316222595050931,44.17412480974125,ZT_VRATIO,,,,2-3.5
,82957,13.765598035311296,-0.1781853595263401,-0.33197776647284627,44.69250006069876,-0.3757783150535303,-0.9655751287937164,43.054562782940195,-0.4761055036092065,-1.4113089069724083,42.87867468774165,ZT_VRATIO,,,,3.5-6
,30659,5.087448559670782,-0.2681105994280946,-0.37579862400889397,43.92118226600985,-0.8386474009914932,-1.2481056619435549,39.8719165085389,-1.164896988352491,-1.7130620777606964,39.79501678741827,ZT_VRATIO,,,,>6
