PROX_dec,样本数,占比%,fwd1均值%,fwd1中位%,fwd1胜率%,fwd5均值%,fwd5中位%,fwd5胜率%,fwd10均值%,fwd10中位%,fwd10胜率%,场景
"(0.332, 0.958]",641999,10.00000311527062,-0.014891541400685195,0.0,49.54620475015326,0.04532827956165393,-0.38314175326377153,47.65218758414911,0.30710083376211816,-0.63337292522192,47.2724692693829,主样本
"(0.958, 0.969]",642033,10.000532711276096,0.013563107473242677,0.0,49.0674652116055,0.08133741489494058,-0.3669724799692631,47.20422996322413,0.2084410603478869,-0.5694644991308451,46.973458219468604,主样本
"(0.969, 0.976]",642102,10.001607479640148,0.026665484221896078,0.0,48.796084920916535,0.07982146037915923,-0.36630036775022745,46.81838527661883,0.15032254183825455,-0.561797758564353,46.747593944963,主样本
"(0.976, 0.981]",641970,9.999551401030656,0.022956266690484745,0.0,48.162600655754176,0.06972190995482427,-0.35118525847792625,46.61667725074496,0.11773331753650591,-0.5329188657924533,46.66860649302351,主样本
"(0.981, 0.985]",641894,9.998367598194887,0.019652186382427703,0.0,47.57349440375607,0.06059630520182441,-0.3160112304612994,46.63125669627252,0.09461283441050072,-0.4950494971126318,46.62708999974264,主样本
"(0.985, 0.988]",642002,10.000049844329926,0.012112885120350561,-0.03885003970935941,46.91696678262592,0.06781127838980497,-0.29340736800804734,46.655842889460956,0.12187545905143489,-0.43668122962117195,46.82784733389161,主样本
"(0.988, 0.991]",642800,10.012479774105497,0.016896008048887207,-0.0480192102259025,46.64966836021328,0.08518353205089545,-0.25510203558951616,46.79427980647036,0.18264076470301385,-0.3440367057919502,47.24562253159895,主样本
"(0.991, 0.994]",641335,9.989660416810748,0.015023443516692029,-0.06170935521367937,46.24068439387926,0.10084243562451577,-0.21802326664328575,47.04157362032539,0.20610349234766517,-0.26565464213490486,47.66456251544038,主样本
"(0.994, 0.997]",641914,9.998679125256931,0.026521594223532667,-0.0535117054823786,46.009087562185925,0.11108258496788824,-0.17636683769524097,47.30995922060254,0.21604497509230255,-0.17850768053904176,48.12886408108057,主样本
"(0.997, 1.0]",641939,9.999068534084488,0.00939340338556694,-0.10391409741714597,45.61367687825411,0.09082307314876521,-0.17806502291932702,47.38062305878647,0.27156407512363856,-0.09332713088952005,48.74406483654423,主样本
"(0.332, 0.958]",103480,41.623258826037464,-0.40339760044881595,-0.6999695673584938,44.25753947394038,-1.281468185972501,-2.530745044350624,39.00208067385689,-1.3357944470481835,-3.0651340261101723,39.554153522607784,涨停后1-3天
"(0.958, 0.969]",43439,17.472678200079642,-0.15521624824914904,-0.41343667544424534,45.24522433442425,-0.460435050876037,-1.307759340852499,42.728251764987434,-0.41527097766020415,-1.6913319006562233,43.32808477668641,涨停后1-3天
"(0.969, 0.976]",28041,11.27906649343754,-0.16409517136111246,-0.4226542543619871,44.793352757095064,-0.29056011003048027,-1.0613943450152874,43.979542675017605,-0.18511715511438354,-1.4686035457998514,43.956639566395665,涨停后1-3天
"(0.976, 0.981]",19803,7.965456073946848,-0.12078535923437891,-0.34453083062544465,45.100835200651865,-0.24626787713138706,-1.020036544650793,44.099378881987576,-0.22513750758483939,-1.368375588208437,44.10309958232578,涨停后1-3天
"(0.981, 0.985]",14763,5.938192598074904,-0.18956389858217285,-0.4277363186702132,44.43836366123956,-0.1781052267339046,-0.965610146522522,44.11971830985916,-0.14422767060295977,-1.2865700758993626,44.08964406034862,涨停后1-3天
"(0.985, 0.988]",11464,4.611219937975392,-0.2454622080699113,-0.44177689123898745,43.98979232664555,-0.1821417099914104,-0.9738293942064047,44.02931065677583,-0.19840073823094018,-1.278538815677166,44.145077720207254,涨停后1-3天
"(0.988, 0.991]",9130,3.6724038759346933,-0.20583783340673753,-0.45022512786090374,43.53500718947019,-0.09821329707379303,-1.0177056305110455,43.58007767877542,-0.04133403619530722,-1.1460038367658854,44.812440645773975,涨停后1-3天
"(0.991, 0.994]",7380,2.96849294681249,-0.26344483496828547,-0.5141011439263821,42.605248769819575,0.34624937756009655,-0.714445230551064,45.364612775579424,0.15563053743934555,-0.9913274087011814,45.55815312682642,涨停后1-3天
"(0.994, 0.997]",5507,2.2151071352434126,-0.3257653777093493,-0.5593792535364628,42.55396999634102,0.3610843546328062,-0.6534220417961478,45.661235316407726,0.10552679887899424,-0.9066183120012283,45.73110893032385,涨停后1-3天
"(0.997, 1.0]",5604,2.2541239124576147,-0.8677641717432207,-1.209103874862194,37.70964833183047,-1.1493677720082889,-2.0420427434146404,39.22495274102079,-1.2132013421418064,-2.222222276031971,41.43277723258096,涨停后1-3天
