TREND_V2,样本数,占比%,fwd1均值%,fwd1中位%,fwd1胜率%,fwd5均值%,fwd5中位%,fwd5胜率%,fwd10均值%,fwd10中位%,fwd10胜率%,版本,场景,TREND_SCORE
0.0,824857,12.848263890835934,0.0037818657619781665,0.04922471125610173,50.24194563648386,0.22322485613640894,-0.1406469731591642,48.80788688545856,0.46154872282293197,-0.283286115154624,48.47370030961981,V2,主样本,
5.0,2860388,44.554413497346104,-0.016564106601003183,0.0,47.32139241036824,0.08465504226218173,-0.25906735099852085,46.899980698650474,0.08041005173947018,-0.4137004725635052,46.85752688172043,V2,主样本,
10.0,96657,1.50556356180105,-0.20516282302316746,-0.28490028344094753,47.257207851157744,-0.6643167529920537,-1.434977538883686,43.116056886129364,-0.6181049828245839,-2.083333395421505,42.71139527169997,V2,主样本,
20.0,417950,6.5101367790718605,0.03960388318042539,-0.08695652359165251,47.907470350189286,-0.06950199539333203,-0.6276150699704885,45.74386753781077,0.06343404105893387,-0.9230769239366055,45.55595139136287,V2,主样本,
30.0,1178525,18.35712153979104,0.057984544992430526,-0.07278020493686199,47.08250514917604,0.005878290474747853,-0.3802281338721514,46.17563362086188,0.22718661522564743,-0.45146727934479713,47.02601016369028,V2,主样本,
40.0,1041611,16.224500731154016,0.07159585481623235,-0.08445946150459349,45.88617462860118,0.16446973302869533,-0.1493652001954615,47.720029802082315,0.35059334006409076,-0.03584229270927608,49.00462658364432,V2,主样本,
,4006680,62.409462447593356,0.0036781853157426105,0.0,48.08584121780885,0.13257784010776177,-0.22019504103809595,47.537276319121766,0.1788598510359083,-0.37735849618911743,47.340972754432634,旧版,主样本,0.0
,269562,4.198792894939991,0.018327424534088012,0.0,46.885691661811066,-0.09393223187917951,-0.38684720639139414,45.65686403390066,0.04164692251599891,-0.4751848056912422,46.45164922213331,旧版,主样本,10.0
,1082792,16.86595052825644,0.02520265640690361,-0.10000000474974513,46.39119910596696,-0.018014602007288917,-0.38650010246783495,45.93999112123377,0.11626936244159819,-0.47206925228238106,46.70177559821603,旧版,主样本,20.0
,688261,10.720596362485413,0.06326557712597085,-0.08545182936359197,46.73358145532339,0.0010816627800565397,-0.34782609436661005,46.28720908707435,0.27458126878692846,-0.32310178503394127,47.64912916867456,旧版,主样本,30.0
,372693,5.805197766724798,0.011919810504395173,-0.1700680237263441,45.543576705258445,0.0635029028491664,-0.30188679229468107,46.7709781385788,0.4291611069623481,-0.19212313345633447,48.46106467223933,旧版,主样本,40.0
0.0,74324,29.89570051204492,-0.31641799781166097,-0.44154347851872444,45.407783417935704,-0.791949385380944,-1.8428824841976166,41.05741660255962,-0.5741865790359102,-1.8994059413671494,42.852332288952006,V2,涨停后1-3天,
5.0,58672,23.59992116197594,-0.27889811151910004,-0.4587155766785145,43.70990428488113,-0.4006868407935445,-1.200619712471962,42.74138022350511,-0.5789023171926113,-1.587301678955555,42.647492082197836,V2,涨停后1-3天,
10.0,32696,13.151469564902598,-0.6002353565909503,-1.1406844481825829,42.44451294697904,-2.033001239850359,-3.607609122991562,35.732892814028844,-2.575844644381153,-4.727934114634991,34.50381679389313,V2,涨停后1-3天,
20.0,42765,17.201571933663434,-0.13616398575880947,-0.5469028605148196,44.64235094018709,-0.653022742434051,-1.5399999916553497,42.045150135158174,-0.6883792892865752,-2.199921105057001,41.8764942265629,V2,涨停后1-3天,
30.0,31823,12.800318569974781,-0.13348982914028903,-0.4470938816666603,44.72110920307829,-0.013046581250482798,-0.8228336926549673,45.475485357025335,0.28849831720135205,-0.9954058565199375,46.05195605298285,V2,涨停后1-3天,
40.0,8331,3.351018257438328,-0.23565250207182456,-0.5824647378176451,42.3400365630713,0.5294631647852822,-0.606042193248868,46.528841245533435,0.7081762397830116,-0.5805515218526125,47.766504150744495,V2,涨停后1-3天,
,108540,43.65856699824223,-0.3122302089049178,-0.457416707649827,44.818861734367616,-0.6759214990242036,-1.5923567116260529,41.49554362082005,-0.6071865956965308,-1.8006430938839912,42.67688147814331,旧版,涨停后1-3天,0.0
,17087,6.872986311949189,-0.5710820902700093,-1.027690526098013,41.1259485852109,-1.7339301010037973,-2.8823914006352425,36.68929567220269,-1.8747603660905972,-3.2616404816508293,37.681342248013124,旧版,涨停后1-3天,10.0
,47788,19.221997417652478,-0.24052307644715798,-0.5076142027974129,44.145436139699676,-0.7059942441869934,-1.5189426019787788,41.816676110360454,-0.8823117027428672,-2.18390803784132,41.47578645679321,旧版,涨停后1-3天,20.0
,45910,18.466600432000195,-0.05152626666766916,-0.40811081416904926,45.55438411526973,-0.37944412628096436,-1.2493209913372993,43.6038202400127,-0.4849539624811651,-1.889168843626976,42.77432026313922,旧版,涨停后1-3天,30.0
,29286,11.779848840155905,-0.48181880105942637,-0.8478967472910881,42.45965498052309,-0.6447266171288143,-1.7047015950083733,41.93974913340242,-0.4416070520158162,-2.2012578323483467,42.59458656666543,旧版,涨停后1-3天,40.0
