期限,年份,类型,天数,均值,t值
fwd1,2020,IC,241,-0.0033307577134803427,-0.6318570579472821
fwd1,2020,RankIC,241,-0.0029229066040682237,-0.5309247755777119
fwd1,2021,IC,241,-0.0049611208363325625,-0.9081585254046144
fwd1,2021,RankIC,241,-0.006906659386293862,-1.1913504277290268
fwd1,2022,IC,240,-0.011284618416811054,-1.9803437108634747
fwd1,2022,RankIC,240,-0.00829031894197375,-1.3688242283710115
fwd1,2023,IC,240,-0.008217388243065032,-1.4624169354031955
fwd1,2023,RankIC,240,-0.008365751407176466,-1.3775365198868605
fwd1,2024,IC,240,-0.009051921391597002,-1.2843395477472872
fwd1,2024,RankIC,240,-0.010619162067504835,-1.4239590528980757
fwd1,2025,IC,240,-0.007167709447473139,-1.5052696745253165
fwd1,2025,RankIC,240,-0.014734359299963995,-2.672046574693887
fwd1,2020,FM斜率,241,-1.1593905032062409e-05,-0.8851961344384013
fwd1,2021,FM斜率,241,-1.151486165917795e-05,-1.0313879535921902
fwd1,2022,FM斜率,240,-2.6662616957384513e-05,-2.3910801321419117
fwd1,2023,FM斜率,240,-1.950605304920466e-05,-2.1507193782617935
fwd1,2024,FM斜率,240,-1.9359799701245314e-05,-1.1063111282525686
fwd1,2025,FM斜率,240,-1.0519186329616423e-05,-1.1567807908748502
fwd5,2020,IC,233,-0.0079669843657838,-1.7988441809302005
fwd5,2020,RankIC,233,-0.0012867401933011205,-0.28234512818416563
fwd5,2021,IC,233,-0.0008062687920232997,-0.17311022768461853
fwd5,2021,RankIC,233,0.005052809767215083,1.037522226410711
fwd5,2022,IC,232,-0.011477401273942615,-2.1062432169322385
fwd5,2022,RankIC,232,0.0008713089582070786,0.14964320483410848
fwd5,2023,IC,232,-0.0028309582275186265,-0.5174161807021218
fwd5,2023,RankIC,232,0.0038307090732322985,0.6483436221300173
fwd5,2024,IC,232,-0.015371238449806559,-2.29956864709204
fwd5,2024,RankIC,232,-0.014007798992837175,-1.910190803236198
fwd5,2025,IC,228,-0.011403491964533724,-2.3785251745685456
fwd5,2025,RankIC,228,-0.011000986639460603,-2.0358115738372042
fwd5,2020,FM斜率,233,-6.0864910839638e-05,-2.7979793927001184
fwd5,2021,FM斜率,233,-1.4393270603456729e-05,-0.6866659571513924
fwd5,2022,FM斜率,232,-7.553531520276804e-05,-3.115965056908174
fwd5,2023,FM斜率,232,-2.502164987150605e-05,-1.2554054544285713
fwd5,2024,FM斜率,232,-7.286519827299393e-05,-2.2407496477942117
fwd5,2025,FM斜率,228,-5.968538913570756e-05,-3.025209724923121
